CREATE DATABASE  IF NOT EXISTS `bolao` /*!40100 DEFAULT CHARACTER SET latin1 */;
USE `bolao`;
-- MySQL dump 10.13  Distrib 5.6.13, for Win32 (x86)
--
-- Host: localhost    Database: bolao
-- ------------------------------------------------------
-- Server version	5.6.12-log

/*!40101 SET @OLD_CHARACTER_SET_CLIENT=@@CHARACTER_SET_CLIENT */;
/*!40101 SET @OLD_CHARACTER_SET_RESULTS=@@CHARACTER_SET_RESULTS */;
/*!40101 SET @OLD_COLLATION_CONNECTION=@@COLLATION_CONNECTION */;
/*!40101 SET NAMES utf8 */;
/*!40103 SET @OLD_TIME_ZONE=@@TIME_ZONE */;
/*!40103 SET TIME_ZONE='+00:00' */;
/*!40014 SET @OLD_UNIQUE_CHECKS=@@UNIQUE_CHECKS, UNIQUE_CHECKS=0 */;
/*!40014 SET @OLD_FOREIGN_KEY_CHECKS=@@FOREIGN_KEY_CHECKS, FOREIGN_KEY_CHECKS=0 */;
/*!40101 SET @OLD_SQL_MODE=@@SQL_MODE, SQL_MODE='NO_AUTO_VALUE_ON_ZERO' */;
/*!40111 SET @OLD_SQL_NOTES=@@SQL_NOTES, SQL_NOTES=0 */;

--
-- Table structure for table `bolao`
--

DROP TABLE IF EXISTS `bolao`;
/*!40101 SET @saved_cs_client     = @@character_set_client */;
/*!40101 SET character_set_client = utf8 */;
CREATE TABLE `bolao` (
  `id` bigint(20) NOT NULL AUTO_INCREMENT,
  `version` bigint(20) NOT NULL,
  `admin_id` bigint(20) NOT NULL,
  `campeonato_id` bigint(20) NOT NULL,
  `date_created` datetime NOT NULL,
  `descricao` varchar(50) NOT NULL,
  `imagem` varchar(50) DEFAULT NULL,
  `last_updated` datetime NOT NULL,
  `informacao` longtext,
  `autorizacao` bit(1) NOT NULL,
  `enabled` bit(1) NOT NULL,
  PRIMARY KEY (`id`),
  KEY `FK_95ripmjkvupiqviq4d97q2i99` (`admin_id`),
  KEY `FK_m9jbjgddpfmklfa40eidlirh8` (`campeonato_id`),
  CONSTRAINT `FK_95ripmjkvupiqviq4d97q2i99` FOREIGN KEY (`admin_id`) REFERENCES `usuario` (`id`),
  CONSTRAINT `FK_m9jbjgddpfmklfa40eidlirh8` FOREIGN KEY (`campeonato_id`) REFERENCES `campeonato` (`id`)
) ENGINE=InnoDB AUTO_INCREMENT=5 DEFAULT CHARSET=latin1;
/*!40101 SET character_set_client = @saved_cs_client */;

--
-- Dumping data for table `bolao`
--

LOCK TABLES `bolao` WRITE;
/*!40000 ALTER TABLE `bolao` DISABLE KEYS */;
INSERT INTO `bolao` VALUES (4,6,1,1,'2014-06-23 11:43:14','Copa 2014','fuleco-logo.jpg','2014-07-02 14:00:56','Será cobrada uma taxa de R$ 50,00 por cabeça. Só terá um ganhador, até porque tem pouca gente...... Qualquer reclamação procurar Gustavo Mendes Marques, o Cabelo. E-mail para reclamações: gustavo.marques77@hotmail.com Cel.: 996091059 - Horario para ligações: das 0:00 as 06:00.','','');
/*!40000 ALTER TABLE `bolao` ENABLE KEYS */;
UNLOCK TABLES;

--
-- Table structure for table `campeonato`
--

DROP TABLE IF EXISTS `campeonato`;
/*!40101 SET @saved_cs_client     = @@character_set_client */;
/*!40101 SET character_set_client = utf8 */;
CREATE TABLE `campeonato` (
  `id` bigint(20) NOT NULL AUTO_INCREMENT,
  `version` bigint(20) NOT NULL,
  `date_created` datetime NOT NULL,
  `descricao` varchar(50) NOT NULL,
  `imagem` varchar(50) DEFAULT NULL,
  `last_updated` datetime NOT NULL,
  `enabled` bit(1) DEFAULT NULL,
  PRIMARY KEY (`id`)
) ENGINE=InnoDB AUTO_INCREMENT=4 DEFAULT CHARSET=latin1;
/*!40101 SET character_set_client = @saved_cs_client */;

--
-- Dumping data for table `campeonato`
--

LOCK TABLES `campeonato` WRITE;
/*!40000 ALTER TABLE `campeonato` DISABLE KEYS */;
INSERT INTO `campeonato` VALUES (1,2,'2014-06-22 15:15:05','Copa do Mundo 2014','fuleco-logo.jpg','2014-06-30 15:43:47',''),(2,2,'2014-06-22 15:15:19','Brasileirão 2014 Série A','35miepw.jpg','2014-06-30 15:42:08',''),(3,0,'2014-07-09 16:59:30','Brasileirão 2014 Série B','Imagem1g.jpg','2014-07-09 16:59:30','');
/*!40000 ALTER TABLE `campeonato` ENABLE KEYS */;
UNLOCK TABLES;

--
-- Table structure for table `configuracao`
--

DROP TABLE IF EXISTS `configuracao`;
/*!40101 SET @saved_cs_client     = @@character_set_client */;
/*!40101 SET character_set_client = utf8 */;
CREATE TABLE `configuracao` (
  `id` bigint(20) NOT NULL AUTO_INCREMENT,
  `version` bigint(20) NOT NULL,
  `alturaimagens` int(11) NOT NULL,
  `date_created` datetime NOT NULL,
  `itensporpagina` int(11) NOT NULL,
  `larguraimagens` int(11) NOT NULL,
  `last_updated` datetime NOT NULL,
  `tamanhoiconetimes` int(11) NOT NULL,
  `alturaimagensthumbs` int(11) DEFAULT NULL,
  `larguraimagensthumbs` int(11) DEFAULT NULL,
  `minutosparapalpite` int(11) NOT NULL DEFAULT '5',
  PRIMARY KEY (`id`)
) ENGINE=InnoDB AUTO_INCREMENT=2 DEFAULT CHARSET=latin1;
/*!40101 SET character_set_client = @saved_cs_client */;

--
-- Dumping data for table `configuracao`
--

LOCK TABLES `configuracao` WRITE;
/*!40000 ALTER TABLE `configuracao` DISABLE KEYS */;
INSERT INTO `configuracao` VALUES (1,32,120,'2014-06-22 15:14:50',100,125,'2014-07-09 21:27:51',32,55,55,5000);
/*!40000 ALTER TABLE `configuracao` ENABLE KEYS */;
UNLOCK TABLES;

--
-- Table structure for table `estadio`
--

DROP TABLE IF EXISTS `estadio`;
/*!40101 SET @saved_cs_client     = @@character_set_client */;
/*!40101 SET character_set_client = utf8 */;
CREATE TABLE `estadio` (
  `id` bigint(20) NOT NULL AUTO_INCREMENT,
  `version` bigint(20) NOT NULL,
  `cidade` varchar(50) NOT NULL,
  `date_created` datetime NOT NULL,
  `descricao` varchar(50) NOT NULL,
  `estado` varchar(50) NOT NULL,
  `last_updated` datetime NOT NULL,
  `pais_id` bigint(20) NOT NULL,
  PRIMARY KEY (`id`),
  UNIQUE KEY `descricao` (`descricao`),
  KEY `FK_4jolth3fbhg1y84i7qalqjcsa` (`pais_id`),
  CONSTRAINT `FK_4jolth3fbhg1y84i7qalqjcsa` FOREIGN KEY (`pais_id`) REFERENCES `pais` (`id`)
) ENGINE=InnoDB AUTO_INCREMENT=46 DEFAULT CHARSET=latin1;
/*!40101 SET character_set_client = @saved_cs_client */;

--
-- Dumping data for table `estadio`
--

LOCK TABLES `estadio` WRITE;
/*!40000 ALTER TABLE `estadio` DISABLE KEYS */;
INSERT INTO `estadio` VALUES (1,0,'Rio de Janeiro','2014-06-22 15:56:43','Maracanã','Rio de Janeiro','2014-06-22 15:56:43',1),(2,0,'São Paulo','2014-06-22 15:58:15','Itaquerão','São Paulo','2014-06-22 15:58:15',1),(3,0,'Natal','2014-06-22 15:59:01','Arena das Dunas','Rio Grande do Norte','2014-06-22 15:59:01',1),(4,0,'Fortaleza','2014-06-22 15:59:32','Castelão','Ceará','2014-06-22 15:59:32',1),(5,0,'Manaus','2014-06-22 16:00:51','Arena Amazônia','Amazônia','2014-06-22 16:00:51',1),(6,0,'Recife','2014-06-22 16:01:43','Arena Pernambuco','Pernambuco','2014-06-22 16:01:43',1),(7,1,'Brasília','2014-06-22 16:02:37','Mané Garrincha','Brasília','2014-06-22 18:18:23',1),(8,0,'Salvador','2014-06-22 16:02:58','Fonte Nova','Bahia','2014-06-22 16:02:58',1),(9,0,'Cuiabá','2014-06-22 16:03:27','Arena Pantanal','Mato Grosso','2014-06-22 16:03:27',1),(10,0,'Porto Alegre','2014-06-22 16:03:57','Beira Rio','Rio Grande do Sul','2014-06-22 16:03:57',1),(11,0,'Curitiba','2014-06-22 16:06:53','Arena da Baixada','Paraná','2014-06-22 16:06:53',1),(12,0,'Belo Horizonte','2014-06-22 16:07:27','Mineirão','Minas Gerais','2014-06-22 16:07:27',1),(13,0,'São Paulo','2014-07-09 17:03:24','Morumbi','São Paulo','2014-07-09 17:03:24',1),(14,1,'Florianópolis','2014-07-09 17:05:41','Orlando Scarpelli','Santa Catarina','2014-07-09 17:05:52',1),(15,0,'Chapecó','2014-07-09 17:10:52','Arena Condá','Santa Catarina','2014-07-09 17:10:52',1),(16,0,'Belo Horizonte','2014-07-09 17:12:36','Independência','Minas Gerais','2014-07-09 17:12:36',1),(17,0,'Curitiba','2014-07-09 17:14:24','Couto Pereira','Paraná','2014-07-09 17:14:24',1),(18,0,'Criciúma','2014-07-09 17:15:14','Heriberto Hülse','Santa Catarina','2014-07-09 17:15:14',1),(19,0,'Porto Alegre','2014-07-09 17:18:10','Arena do Grêmio','Rio Grande do Sul','2014-07-09 17:18:10',1),(20,0,'Goiânia','2014-07-09 17:19:27','Serra Dourada','Goiás','2014-07-09 17:19:27',1),(21,0,'São Paulo','2014-07-09 17:20:59','Arena Palestra Itália','São Paulo','2014-07-09 17:20:59',1),(22,0,'Santos','2014-07-09 17:21:34','Vila Belmiro','São Paulo','2014-07-09 17:21:34',1),(23,0,'Recife','2014-07-09 17:22:33','Ilha do Retiro','Pernambuco','2014-07-09 17:22:33',1),(24,0,'Salvador','2014-07-09 17:23:01','Barradão','Bahia','2014-07-09 17:23:01',1),(25,0,'Uberlândia','2014-07-09 17:23:50','Parque do Sabiá','Minas Gerais','2014-07-09 17:23:50',1),(26,0,'Salvador','2014-07-09 17:24:18','Pituaçu','Bahia','2014-07-09 17:24:18',1),(27,0,'Barueri','2014-07-09 17:24:57','Arena Barueri','São Paulo','2014-07-09 17:24:57',1),(28,0,'Londrina','2014-07-09 17:25:37','Estádio do Café','Paraná','2014-07-09 17:25:37',1),(29,0,'Juiz de Fora','2014-07-09 17:26:12','Helenão','Minas Gerais','2014-07-09 17:26:12',1),(30,0,'Maringá','2014-07-09 17:27:03','Willie Davids','Paraná','2014-07-09 17:27:03',1),(31,0,'São Paulo','2014-07-09 17:29:01','Canindé','São Paulo','2014-07-09 17:29:01',1),(32,0,'Caxias do Sul','2014-07-09 17:29:53','Alfredo Jaconi','Rio Grande do Sul','2014-07-09 17:29:53',1),(33,0,'Feira de Santana','2014-07-09 17:30:24','Joia da Princesa','Bahia','2014-07-09 17:30:24',1),(34,0,'Presidente Prudente','2014-07-09 17:31:11','Prudentão','São Paulo','2014-07-09 17:31:11',1),(35,0,'Curitiba','2014-07-09 17:31:52','Vila Capanema','Paraná','2014-07-09 17:31:52',1),(36,0,'Itumbiara','2014-07-09 17:32:47','Juscelino Kubitschek','Goiás','2014-07-09 17:32:47',1),(37,0,'Macaé','2014-07-09 17:33:58','Moacyrzão','Rio de Janeiro','2014-07-09 17:33:58',1),(38,1,'Araraquara','2014-07-09 17:34:46','Arena da Fonte (Fonte Luminosa)','São Paulo','2014-07-09 18:40:38',1),(39,0,'Caxias do Sul','2014-07-09 17:35:16','Centenário','Rio Grande do Sul','2014-07-09 17:35:16',1),(40,0,'São Bernardo do Campo','2014-07-09 17:35:56','Primeiro de Maio','São Paulo','2014-07-09 17:35:56',1),(41,0,'São Paulo','2014-07-09 17:55:24','Pacaembú','São Paulo','2014-07-09 17:55:24',1),(42,0,'Juiz de Fora','2014-07-09 18:25:10','Municipal Juiz de Fora','Minas Gerais','2014-07-09 18:25:10',1),(44,0,'Ipatinga','2014-07-09 18:50:45','Ipatingão','Minas Gerais','2014-07-09 18:50:45',1),(45,0,'Curitiba','2014-07-09 19:02:42','Durival Britto','Paraná','2014-07-09 19:02:42',1);
/*!40000 ALTER TABLE `estadio` ENABLE KEYS */;
UNLOCK TABLES;

--
-- Table structure for table `jogo`
--

DROP TABLE IF EXISTS `jogo`;
/*!40101 SET @saved_cs_client     = @@character_set_client */;
/*!40101 SET character_set_client = utf8 */;
CREATE TABLE `jogo` (
  `id` bigint(20) NOT NULL AUTO_INCREMENT,
  `version` bigint(20) NOT NULL,
  `campeonato_id` bigint(20) NOT NULL,
  `datajogo` datetime NOT NULL,
  `date_created` datetime NOT NULL,
  `descricaofase` varchar(255) NOT NULL,
  `encerrado` bit(1) NOT NULL,
  `fase` int(11) NOT NULL,
  `last_updated` datetime NOT NULL,
  `scoretime1` int(11) DEFAULT NULL,
  `scoretime2` int(11) DEFAULT NULL,
  `time1_id` bigint(20) NOT NULL,
  `time2_id` bigint(20) NOT NULL,
  `estadio_id` bigint(20) DEFAULT NULL,
  `peso` int(11) NOT NULL DEFAULT '1',
  PRIMARY KEY (`id`),
  KEY `FK_tgxx9spsyxl9krm3i77h0vw07` (`campeonato_id`),
  KEY `FK_39gjtyqv764r2121vuvs9rg89` (`time1_id`),
  KEY `FK_dfj69df7wwbe413abchfo35yb` (`time2_id`),
  KEY `FK_ek8opt6kkcgecvw2kmk1bmu2n` (`estadio_id`),
  CONSTRAINT `FK_39gjtyqv764r2121vuvs9rg89` FOREIGN KEY (`time1_id`) REFERENCES `time` (`id`),
  CONSTRAINT `FK_dfj69df7wwbe413abchfo35yb` FOREIGN KEY (`time2_id`) REFERENCES `time` (`id`),
  CONSTRAINT `FK_ek8opt6kkcgecvw2kmk1bmu2n` FOREIGN KEY (`estadio_id`) REFERENCES `estadio` (`id`),
  CONSTRAINT `FK_tgxx9spsyxl9krm3i77h0vw07` FOREIGN KEY (`campeonato_id`) REFERENCES `campeonato` (`id`)
) ENGINE=InnoDB AUTO_INCREMENT=165 DEFAULT CHARSET=latin1;
/*!40101 SET character_set_client = @saved_cs_client */;

--
-- Dumping data for table `jogo`
--

LOCK TABLES `jogo` WRITE;
/*!40000 ALTER TABLE `jogo` DISABLE KEYS */;
INSERT INTO `jogo` VALUES (1,2,1,'2014-06-12 17:00:00','2014-06-22 16:17:49','1ª Fase','',1,'2014-06-27 19:11:21',3,1,1,3,2,10),(2,1,1,'2014-06-13 13:00:00','2014-06-22 18:24:31','1ª Fase','',1,'2014-06-27 19:11:34',1,0,4,2,3,11),(3,1,1,'2014-06-13 16:00:00','2014-06-22 18:25:18','1ª Fase','',1,'2014-06-27 19:11:55',1,5,7,8,8,11),(4,1,1,'2014-06-13 19:00:00','2014-06-22 18:25:53','1ª Fase','',1,'2014-06-27 19:12:05',3,1,6,5,9,11),(5,1,1,'2014-06-14 13:00:00','2014-06-22 18:26:32','1ª Fase','',1,'2014-06-27 19:12:18',3,0,9,11,12,12),(6,1,1,'2014-06-14 16:00:00','2014-06-22 18:27:26','1ª Fase','',1,'2014-06-27 19:12:31',1,3,16,13,4,12),(7,1,1,'2014-06-14 19:00:00','2014-06-22 18:28:02','1ª Fase','',1,'2014-06-27 19:12:40',1,2,14,15,5,12),(8,1,1,'2014-06-14 22:00:00','2014-06-22 18:28:33','1ª Fase','',1,'2014-06-27 19:12:56',2,1,10,12,6,12),(9,1,1,'2014-06-15 13:00:00','2014-06-22 18:29:15','1ª Fase','',1,'2014-06-27 19:13:55',2,1,20,17,7,13),(10,1,1,'2014-06-15 16:00:00','2014-06-22 18:29:56','1ª Fase','',1,'2014-06-27 19:14:06',3,0,18,19,10,13),(11,1,1,'2014-06-15 19:00:00','2014-06-22 18:30:31','1ª Fase','',1,'2014-06-27 19:14:18',2,1,21,22,1,13),(12,1,1,'2014-06-16 13:00:00','2014-06-22 18:31:06','1ª Fase','',1,'2014-06-27 19:14:43',4,0,25,26,8,14),(13,1,1,'2014-06-16 16:00:00','2014-06-22 18:31:42','1ª Fase','',1,'2014-06-27 19:14:54',0,0,23,24,11,14),(14,1,1,'2014-06-16 19:00:00','2014-06-22 18:32:14','1ª Fase','',1,'2014-06-27 19:15:03',1,2,27,28,3,14),(15,1,1,'2014-06-17 13:00:00','2014-06-22 18:32:46','1ª Fase','',1,'2014-06-27 19:15:15',2,1,29,30,12,15),(16,1,1,'2014-06-17 16:00:00','2014-06-22 18:33:10','1ª Fase','',1,'2014-06-27 19:15:28',0,0,1,4,4,15),(17,1,1,'2014-06-17 19:00:00','2014-06-22 18:34:28','1ª Fase','',1,'2014-06-27 19:15:46',1,1,31,32,9,15),(18,1,1,'2014-06-18 13:00:00','2014-06-22 18:35:04','1ª Fase','',1,'2014-06-27 19:16:00',2,3,5,8,10,16),(19,1,1,'2014-06-18 16:00:00','2014-06-22 18:35:35','1ª Fase','',1,'2014-06-27 19:16:17',0,2,7,6,1,16),(20,1,1,'2014-06-18 19:00:00','2014-06-22 18:36:09','1ª Fase','',1,'2014-06-27 19:16:31',0,4,2,3,5,16),(21,1,1,'2014-06-19 13:00:00','2014-06-22 18:36:39','1ª Fase','',1,'2014-06-27 19:17:00',2,1,9,10,7,17),(22,2,1,'2014-06-19 16:00:00','2014-06-22 18:37:13','1ª Fase','',1,'2014-06-27 19:17:23',2,1,16,14,2,17),(23,1,1,'2014-06-19 19:00:00','2014-06-22 18:37:45','1ª Fase','',1,'2014-06-27 19:17:50',0,0,12,11,3,17),(24,1,1,'2014-06-20 13:00:00','2014-06-22 18:38:51','1ª Fase','',1,'2014-06-27 19:18:03',0,1,15,13,6,18),(25,2,1,'2014-06-20 16:00:00','2014-06-22 18:39:14','1ª Fase','',1,'2014-06-28 11:08:07',2,5,20,18,8,18),(26,1,1,'2014-06-20 19:00:00','2014-06-22 18:39:45','1ª Fase','',1,'2014-06-27 19:18:25',1,2,19,17,11,18),(27,1,1,'2014-06-21 13:00:00','2014-06-22 18:40:09','1ª Fase','',1,'2014-06-27 19:18:41',1,0,21,23,12,19),(28,1,1,'2014-06-21 16:00:00','2014-06-22 18:40:38','1ª Fase','',1,'2014-06-27 19:18:51',2,2,25,27,4,19),(29,1,1,'2014-06-21 19:00:00','2014-06-22 18:41:11','1ª Fase','',1,'2014-06-27 19:19:01',1,0,24,22,9,19),(30,1,1,'2014-06-22 13:00:00','2014-06-22 18:41:42','1ª Fase','',1,'2014-06-27 19:19:21',1,0,29,31,1,20),(31,1,1,'2014-06-22 16:00:00','2014-06-22 18:42:07','1ª Fase','',1,'2014-06-27 19:19:32',2,4,32,30,10,20),(32,2,1,'2014-06-22 19:00:00','2014-06-22 18:42:35','1ª Fase','',1,'2014-06-27 19:19:41',2,2,28,26,5,20),(33,4,1,'2014-06-23 13:00:00','2014-06-22 18:43:06','1ª Fase','',1,'2014-06-27 19:20:10',0,3,5,7,11,21),(34,3,1,'2014-06-23 13:00:00','2014-06-22 18:43:31','1ª Fase','',1,'2014-06-27 19:19:56',2,0,8,6,2,21),(35,4,1,'2014-06-23 19:00:00','2014-06-22 18:44:00','1ª Fase','',1,'2014-06-27 19:20:20',1,3,3,4,6,21),(36,5,1,'2014-06-23 17:00:00','2014-06-22 18:44:23','1ª Fase','',1,'2014-06-28 11:25:33',1,4,2,1,7,21),(37,2,1,'2014-06-24 13:00:00','2014-06-22 18:44:58','1ª Fase','',1,'2014-06-27 19:20:33',0,1,15,16,3,22),(38,3,1,'2014-06-24 13:00:00','2014-06-22 18:45:28','1ª Fase','',1,'2014-06-27 19:21:18',0,0,13,14,12,22),(39,2,1,'2014-06-24 17:00:00','2014-06-22 18:45:57','1ª Fase','',1,'2014-06-27 19:21:27',1,4,12,9,9,22),(40,2,1,'2014-06-24 17:00:00','2014-06-22 18:46:23','1ª Fase','',1,'2014-06-27 19:21:38',2,1,11,10,4,22),(41,4,1,'2014-06-25 13:00:00','2014-06-22 18:47:02','1ª Fase','',1,'2014-06-28 11:41:56',2,3,24,21,10,23),(42,2,1,'2014-06-25 13:00:00','2014-06-22 18:47:23','1ª Fase','',1,'2014-06-27 19:21:50',3,1,22,23,8,23),(43,2,1,'2014-06-25 17:00:00','2014-06-22 18:47:48','1ª Fase','',1,'2014-06-27 19:22:10',0,3,19,20,5,23),(44,2,1,'2014-06-25 17:00:00','2014-06-22 18:48:39','1ª Fase','',1,'2014-06-27 19:22:20',0,0,17,18,1,23),(45,2,1,'2014-06-26 13:00:00','2014-06-22 18:49:05','1ª Fase','',1,'2014-06-27 19:22:41',0,1,28,25,6,24),(46,2,1,'2014-06-26 13:00:00','2014-06-22 18:49:30','1ª Fase','',1,'2014-06-27 19:22:52',2,1,26,27,7,24),(47,2,1,'2014-06-26 17:00:00','2014-06-22 18:50:02','1ª Fase','',1,'2014-06-27 19:23:04',0,1,32,29,2,24),(48,2,1,'2014-06-26 17:00:00','2014-06-22 18:50:44','1ª Fase','',1,'2014-06-27 19:23:14',1,1,30,31,11,24),(49,6,1,'2014-06-28 13:00:00','2014-06-22 18:53:37','Oitavas de Final','',3,'2014-07-09 21:33:40',1,1,1,6,12,25),(50,5,1,'2014-06-28 17:00:00','2014-06-22 18:54:03','Oitavas de Final','',3,'2014-07-09 21:34:07',2,0,9,16,1,25),(51,5,1,'2014-06-29 13:00:00','2014-06-22 18:54:52','Oitavas de Final','',3,'2014-07-09 21:35:07',2,1,8,4,4,26),(52,4,1,'2014-06-29 17:00:00','2014-06-22 18:55:19','Oitavas de Final','',3,'2014-07-09 21:35:42',1,1,13,11,6,26),(53,6,1,'2014-06-30 13:00:00','2014-06-22 18:55:42','Oitavas de Final','',3,'2014-07-09 21:36:10',2,0,18,24,7,27),(54,4,1,'2014-06-30 17:00:00','2014-06-22 18:56:07','Oitavas de Final','',3,'2014-07-09 21:36:33',0,0,25,30,10,27),(55,5,1,'2014-07-01 13:00:00','2014-06-22 18:56:38','Oitavas de Final','',3,'2014-07-09 21:36:54',0,0,21,20,2,28),(56,4,1,'2014-07-01 17:00:00','2014-06-22 18:57:01','Oitavas de Final','',3,'2014-07-09 21:37:16',0,0,29,28,8,28),(57,6,1,'2014-07-04 13:00:00','2014-06-22 18:57:35','Quartas de Final','',4,'2014-07-09 21:37:50',0,1,18,25,1,29),(58,6,1,'2014-07-04 17:00:00','2014-06-22 18:58:02','Quartas de Final','',4,'2014-07-09 21:38:06',2,1,1,9,4,29),(59,4,1,'2014-07-05 13:00:00','2014-06-22 18:58:31','Quartas de Final','',4,'2014-07-09 21:38:22',1,0,21,29,7,30),(60,4,1,'2014-07-05 17:00:00','2014-06-22 18:58:52','Quartas de Final','',4,'2014-07-09 21:38:41',0,0,8,13,8,30),(61,4,1,'2014-07-08 17:00:00','2014-06-22 18:59:34','Semi-Final','',5,'2014-07-09 21:39:06',1,7,1,25,12,31),(62,4,1,'2014-07-09 17:00:00','2014-06-22 19:00:03','Semi-Final','',5,'2014-07-09 21:39:22',0,0,8,21,2,32),(63,3,1,'2014-07-12 17:00:00','2014-06-22 19:00:44','Terceiro Lugar','\0',5,'2014-07-09 21:06:16',0,0,1,8,7,33),(64,2,1,'2014-07-13 16:00:00','2014-06-22 19:01:17','Final','\0',6,'2014-07-09 21:06:38',0,0,25,21,1,34),(65,1,2,'2014-04-19 18:30:00','2014-07-09 17:00:56','1ª Rodada','',1,'2014-07-09 17:47:49',3,0,36,38,1,1),(66,1,2,'2014-04-19 18:30:00','2014-07-09 17:01:51','1ª Rodada','',1,'2014-07-09 17:48:09',1,0,42,54,10,1),(67,1,2,'2014-04-19 21:00:00','2014-07-09 17:44:25','1ª Rodada','',1,'2014-07-09 17:48:30',0,0,51,53,15,1),(68,1,2,'2014-04-20 16:00:00','2014-07-09 17:46:34','1ª Rodada','',1,'2014-07-09 17:48:43',3,0,41,37,13,1),(69,1,2,'2014-04-20 16:00:00','2014-07-09 17:47:29','1ª Rodada','',1,'2014-07-09 17:48:57',1,0,49,43,14,1),(70,0,2,'2014-04-20 16:00:00','2014-07-09 17:50:14','1ª Rodada','',1,'2014-07-09 17:50:14',0,0,45,40,25,1),(71,0,2,'2014-04-20 16:00:00','2014-07-09 17:51:08','1ª Rodada','',1,'2014-07-09 17:51:08',1,2,52,39,8,1),(72,0,2,'2014-04-20 18:30:00','2014-07-09 17:51:46','1ª Rodada','',1,'2014-07-09 17:51:46',0,0,34,44,7,1),(73,0,2,'2014-04-20 18:30:00','2014-07-09 17:52:28','1ª Rodada','',1,'2014-07-09 17:52:28',1,1,47,46,22,1),(74,0,2,'2014-04-20 18:30:00','2014-07-09 17:53:22','1ª Rodada','',1,'2014-07-09 17:53:22',1,2,50,48,18,1),(75,1,2,'2014-04-26 18:30:00','2014-07-09 17:54:25','2ª Rodada','',2,'2014-07-09 18:15:50',0,0,53,47,17,2),(76,2,2,'2014-04-26 21:00:00','2014-07-09 17:55:56','2ª Rodada','',2,'2014-07-09 18:16:08',0,1,48,36,41,2),(77,0,2,'2014-04-27 16:00:00','2014-07-09 17:58:58','2ª Rodada','',2,'2014-07-09 17:58:58',2,2,37,42,1,2),(78,0,2,'2014-04-27 16:00:00','2014-07-09 17:59:36','2ª Rodada','',2,'2014-07-09 17:59:36',2,0,40,34,41,2),(79,0,2,'2014-04-27 16:00:00','2014-07-09 18:00:27','2ª Rodada','',2,'2014-07-09 18:00:27',1,1,39,41,25,2),(80,0,2,'2014-04-27 16:00:00','2014-07-09 18:01:04','2ª Rodada','',2,'2014-07-09 18:01:04',2,2,54,49,26,2),(81,0,2,'2014-04-27 18:30:00','2014-07-09 18:01:58','2ª Rodada','',2,'2014-07-09 18:01:58',2,1,46,51,23,2),(82,0,2,'2014-04-27 18:30:00','2014-07-09 18:02:49','2ª Rodada','',2,'2014-07-09 18:02:49',2,1,43,45,19,2),(83,0,2,'2014-04-27 18:30:00','2014-07-09 18:03:22','2ª Rodada','',2,'2014-07-09 18:03:22',0,2,38,52,27,2),(84,0,2,'2014-04-27 18:30:00','2014-07-09 18:04:10','2ª Rodada','',2,'2014-07-09 18:04:10',1,0,44,50,36,2),(85,0,2,'2014-05-03 18:30:00','2014-07-09 18:05:08','3ª Rodada','',3,'2014-07-09 18:05:08',2,2,41,53,41,3),(86,0,2,'2014-05-03 18:30:00','2014-07-09 18:05:44','3ª Rodada','',3,'2014-07-09 18:05:44',0,0,47,43,22,3),(87,0,2,'2014-05-03 18:30:00','2014-07-09 18:06:28','3ª Rodada','',3,'2014-07-09 18:06:28',2,3,49,39,7,3),(88,0,2,'2014-05-03 21:00:00','2014-07-09 18:07:15','3ª Rodada','',3,'2014-07-09 18:07:15',1,2,36,54,1,3),(89,0,2,'2014-05-04 16:00:00','2014-07-09 18:08:13','3ª Rodada','',3,'2014-07-09 18:08:13',4,2,34,48,1,3),(90,0,2,'2014-05-04 16:00:00','2014-07-09 18:08:55','3ª Rodada','',3,'2014-07-09 18:08:55',1,0,52,37,8,3),(91,1,2,'2014-05-04 16:00:00','2014-07-09 18:09:31','3ª Rodada','',3,'2014-07-09 18:14:07',2,1,42,46,10,3),(92,0,2,'2014-05-04 16:00:00','2014-07-09 18:10:05','3ª Rodada','',3,'2014-07-09 18:10:05',1,0,50,38,18,3),(93,0,2,'2014-05-04 18:30:00','2014-07-09 18:10:43','3ª Rodada','',3,'2014-07-09 18:10:43',0,1,45,44,16,3),(94,0,2,'2014-05-04 18:30:00','2014-07-09 18:11:12','3ª Rodada','',3,'2014-07-09 18:11:12',0,1,51,40,15,3),(95,0,2,'2014-05-10 18:30:00','2014-07-09 18:15:35','4ª Rodada','',4,'2014-07-09 18:15:35',2,0,48,44,41,4),(96,0,2,'2014-05-10 18:30:00','2014-07-09 18:18:27','4ª Rodada','',4,'2014-07-09 18:18:27',2,1,24,49,10,4),(97,0,2,'2014-05-10 21:00:00','2014-07-09 18:19:11','4ª Rodada','',4,'2014-07-09 18:19:11',6,0,37,50,1,4),(98,0,2,'2014-05-11 16:00:00','2014-07-09 18:19:43','4ª Rodada','',4,'2014-07-09 18:19:43',2,0,36,25,1,4),(99,0,2,'2014-05-11 16:00:00','2014-07-09 18:20:21','4ª Rodada','',4,'2014-07-09 18:20:21',1,1,41,40,27,4),(100,0,2,'2014-05-11 16:00:00','2014-07-09 18:21:08','4ª Rodada','',4,'2014-07-09 18:21:08',2,1,45,39,16,4),(101,0,2,'2014-05-11 16:00:00','2014-07-09 18:21:58','4ª Rodada','',4,'2014-07-09 18:21:58',1,2,51,35,15,4),(102,0,2,'2014-05-11 18:30:00','2014-07-09 18:22:39','4ª Rodada','',4,'2014-07-09 18:22:39',0,1,53,46,17,4),(103,0,2,'2014-05-11 18:30:00','2014-07-09 18:23:24','4ª Rodada','',4,'2014-07-09 18:23:24',1,1,52,54,8,4),(104,0,2,'2014-05-11 18:30:00','2014-07-09 18:24:01','4ª Rodada','',4,'2014-07-09 18:24:01',0,2,38,47,28,4),(105,0,2,'2014-05-14 22:00:00','2014-07-09 18:26:04','5ª Rodada','',5,'2014-07-09 18:26:04',2,0,44,37,42,5),(106,0,2,'2014-05-17 18:30:00','2014-07-09 18:27:04','5ª Rodada','',5,'2014-07-09 18:27:04',3,2,39,53,12,5),(107,0,2,'2014-05-18 16:00:00','2014-07-09 18:27:44','5ª Rodada','',5,'2014-07-09 18:27:44',0,2,34,41,1,5),(108,0,2,'2014-05-18 16:00:00','2014-07-09 18:28:33','5ª Rodada','',5,'2014-07-09 18:28:33',0,1,40,38,2,5),(109,0,2,'2014-05-18 16:00:00','2014-07-09 18:29:17','5ª Rodada','',5,'2014-07-09 18:29:17',1,1,49,51,30,5),(110,0,2,'2014-05-18 16:00:00','2014-07-09 18:30:17','5ª Rodada','',5,'2014-07-09 18:30:17',1,0,43,36,19,5),(111,0,2,'2014-05-18 18:30:00','2014-07-09 18:31:27','5ª Rodada','',5,'2014-07-09 18:31:27',1,2,47,45,9,5),(112,0,2,'2014-05-18 18:30:00','2014-07-09 18:32:07','5ª Rodada','',5,'2014-07-09 18:32:07',0,1,54,48,26,5),(113,0,2,'2014-05-18 18:30:00','2014-07-09 18:32:41','5ª Rodada','',5,'2014-07-09 18:32:41',0,0,50,42,18,5),(114,0,2,'2014-05-18 21:00:00','2014-07-09 18:33:22','5ª Rodada','',5,'2014-07-09 18:33:22',1,0,46,52,23,5),(115,0,2,'2014-05-21 19:30:00','2014-07-09 18:34:27','6ª Rodada','',6,'2014-07-09 18:34:27',1,1,34,52,37,6),(116,0,2,'2014-05-21 19:30:00','2014-07-09 18:35:04','6ª Rodada','',6,'2014-07-09 18:35:04',1,1,53,42,17,6),(117,0,2,'2014-05-21 21:00:00','2014-07-09 18:35:40','6ª Rodada','',6,'2014-07-09 18:35:40',2,0,39,46,12,6),(118,0,2,'2014-05-21 22:00:00','2014-07-09 18:36:41','6ª Rodada','',6,'2014-07-09 18:36:41',1,0,50,51,18,6),(119,0,2,'2014-05-21 22:00:00','2014-07-09 18:37:21','6ª Rodada','',6,'2014-07-09 18:37:21',5,2,36,41,1,6),(120,0,2,'2014-05-21 22:00:00','2014-07-09 18:37:55','6ª Rodada','',6,'2014-07-09 18:37:55',1,1,40,49,31,6),(121,0,2,'2014-05-21 22:00:00','2014-07-09 18:38:41','6ª Rodada','',6,'2014-07-09 18:38:41',2,1,43,37,32,6),(122,0,2,'2014-05-22 22:00:00','2014-07-09 18:41:31','6ª Rodada','',6,'2014-07-09 18:41:31',1,0,48,38,38,6),(123,0,2,'2014-05-22 19:30:00','2014-07-09 18:42:01','6ª Rodada','',6,'2014-07-09 18:42:01',2,2,44,47,20,6),(124,0,2,'2014-05-22 21:00:00','2014-07-09 18:42:45','6ª Rodada','',6,'2014-07-09 18:42:45',2,3,54,45,33,6),(125,0,2,'2014-05-24 18:30:00','2014-07-09 18:44:26','7ª Rodada','',7,'2014-07-09 18:44:26',0,1,52,36,27,7),(126,0,2,'2014-05-24 21:00:00','2014-07-09 18:45:03','7ª Rodada','',7,'2014-07-09 18:45:03',1,0,41,43,13,7),(127,0,2,'2014-05-25 16:00:00','2014-07-09 18:46:03','7ª Rodada','',7,'2014-07-09 18:46:03',1,4,46,40,23,7),(128,0,2,'2014-05-25 16:00:00','2014-07-09 18:46:33','7ª Rodada','',7,'2014-07-09 18:46:33',0,0,47,34,13,7),(129,0,2,'2014-05-25 16:00:00','2014-07-09 18:47:10','7ª Rodada','',7,'2014-07-09 18:47:10',2,0,49,53,30,7),(130,0,2,'2014-05-25 16:00:00','2014-07-09 18:48:34','7ª Rodada','',7,'2014-07-09 18:48:34',0,1,38,44,14,7),(131,0,2,'2014-05-25 18:30:00','2014-07-09 18:49:08','7ª Rodada','',7,'2014-07-09 18:49:08',1,1,37,54,37,7),(132,0,2,'2014-05-25 18:30:00','2014-07-09 18:51:35','7ª Rodada','',7,'2014-07-09 18:51:35',0,0,45,50,44,7),(133,0,2,'2014-05-25 18:30:00','2014-07-09 18:52:31','7ª Rodada','',7,'2014-07-09 18:52:31',1,3,42,39,39,7),(134,0,2,'2014-05-25 18:30:00','2014-07-09 18:53:22','7ª Rodada','',7,'2014-07-09 18:53:22',2,0,51,48,15,7),(135,0,2,'2014-05-28 19:30:00','2014-07-09 18:54:22','8ª Rodada','',8,'2014-07-09 18:54:22',0,0,46,43,23,8),(136,1,2,'2014-05-28 19:30:00','2014-07-09 18:55:01','8ª Rodada','',8,'2014-07-09 18:56:05',0,2,48,37,34,8),(137,0,2,'2014-05-28 19:30:00','2014-07-09 18:55:44','8ª Rodada','',8,'2014-07-09 18:55:44',1,0,50,53,18,8),(138,0,2,'2014-05-28 21:00:00','2014-07-09 18:56:47','8ª Rodada','',8,'2014-07-09 18:56:47',2,0,42,51,39,8),(139,0,2,'2014-05-28 21:00:00','2014-07-09 18:57:17','8ª Rodada','',8,'2014-07-09 18:57:17',0,0,44,54,20,8),(140,0,2,'2014-05-28 22:00:00','2014-07-09 18:58:03','8ª Rodada','',8,'2014-07-09 18:58:03',1,0,40,39,31,8),(141,0,2,'2014-05-28 22:00:00','2014-07-09 18:58:39','8ª Rodada','',8,'2014-07-09 18:58:39',2,2,49,41,25,8),(142,0,2,'2014-05-28 22:00:00','2014-07-09 18:59:17','8ª Rodada','',8,'2014-07-09 18:59:17',2,0,45,34,44,8),(143,0,2,'2014-05-29 19:30:00','2014-07-09 18:59:46','8ª Rodada','',8,'2014-07-09 18:59:46',1,1,25,38,13,8),(144,0,2,'2014-05-29 21:00:00','2014-07-09 19:00:42','8ª Rodada','',8,'2014-07-09 19:00:42',0,2,52,47,33,8),(145,0,2,'2014-05-31 18:30:00','2014-07-09 19:01:39','9ª Rodada','',9,'2014-07-09 19:01:39',2,1,41,45,13,9),(146,1,2,'2014-05-31 18:30:00','2014-07-09 19:03:14','9ª Rodada','',9,'2014-07-09 19:03:22',3,0,53,44,45,9),(147,0,2,'2014-05-31 21:00:00','2014-07-09 19:04:25','9ª Rodada','',9,'2014-07-09 19:04:25',0,1,54,46,33,9),(148,0,2,'2014-06-01 16:00:00','2014-07-09 19:04:54','9ª Rodada','',9,'2014-07-09 19:04:54',3,0,39,34,25,9),(149,0,2,'2014-06-01 16:00:00','2014-07-09 19:05:29','9ª Rodada','',9,'2014-07-09 19:05:29',0,0,43,48,32,9),(150,0,2,'2014-06-01 16:00:00','2014-07-09 19:06:01','9ª Rodada','',9,'2014-07-09 19:06:01',2,1,51,52,15,9),(151,0,2,'2014-06-01 16:00:00','2014-07-09 19:06:51','9ª Rodada','',9,'2014-07-09 19:06:51',1,1,40,37,2,9),(152,0,2,'2014-06-01 18:30:00','2014-07-09 19:07:40','9ª Rodada','',9,'2014-07-09 19:07:40',1,1,36,42,37,9),(153,0,2,'2014-06-01 18:30:00','2014-07-09 19:08:10','9ª Rodada','',9,'2014-07-09 19:08:10',2,0,47,50,40,9),(154,0,2,'2014-06-01 18:30:00','2014-07-09 19:08:40','9ª Rodada','',9,'2014-07-09 19:08:40',1,3,38,49,14,9),(155,0,2,'2014-07-16 19:30:00','2014-07-09 19:09:29','10ª Rodada','\0',10,'2014-07-09 19:09:29',NULL,NULL,46,37,23,10),(156,0,2,'2014-07-16 19:30:00','2014-07-09 19:10:05','10ª Rodada','\0',10,'2014-07-09 19:10:05',NULL,NULL,53,38,17,10),(157,0,2,'2014-07-16 19:30:00','2014-07-09 19:10:37','10ª Rodada','\0',10,'2014-07-09 19:10:37',NULL,NULL,43,44,19,10),(158,0,2,'2014-07-16 22:00:00','2014-07-09 19:11:22','10ª Rodada','\0',10,'2014-07-09 19:11:22',NULL,NULL,34,49,37,10),(159,0,2,'2014-07-16 22:00:00','2014-07-09 19:12:01','10ª Rodada','\0',10,'2014-07-09 19:12:01',NULL,NULL,52,41,8,10),(160,0,2,'2014-07-16 22:00:00','2014-07-09 19:12:34','10ª Rodada','\0',10,'2014-07-09 19:12:34',NULL,NULL,50,36,18,10),(161,0,2,'2014-07-17 19:30:00','2014-07-09 19:13:14','10ª Rodada','\0',10,'2014-07-09 19:13:14',NULL,NULL,40,42,2,10),(162,0,2,'2014-07-17 19:30:00','2014-07-09 19:13:47','10ª Rodada','\0',10,'2014-07-09 19:13:47',NULL,NULL,47,48,22,10),(163,0,2,'2014-07-17 21:00:00','2014-07-09 19:14:13','10ª Rodada','\0',10,'2014-07-09 19:14:13',NULL,NULL,39,54,12,10),(164,0,2,'2014-07-17 21:00:00','2014-07-09 19:14:46','10ª Rodada','\0',10,'2014-07-09 19:14:46',NULL,NULL,51,45,15,10);
/*!40000 ALTER TABLE `jogo` ENABLE KEYS */;
UNLOCK TABLES;

--
-- Table structure for table `pais`
--

DROP TABLE IF EXISTS `pais`;
/*!40101 SET @saved_cs_client     = @@character_set_client */;
/*!40101 SET character_set_client = utf8 */;
CREATE TABLE `pais` (
  `id` bigint(20) NOT NULL AUTO_INCREMENT,
  `version` bigint(20) NOT NULL,
  `codigo` varchar(2) NOT NULL,
  `date_created` datetime NOT NULL,
  `descricao` varchar(50) NOT NULL,
  `imagem` varchar(50) DEFAULT NULL,
  `last_updated` datetime NOT NULL,
  PRIMARY KEY (`id`),
  UNIQUE KEY `UK_ef4wmfj2gfd7yl3bsq1rwstup` (`codigo`)
) ENGINE=InnoDB AUTO_INCREMENT=2 DEFAULT CHARSET=latin1;
/*!40101 SET character_set_client = @saved_cs_client */;

--
-- Dumping data for table `pais`
--

LOCK TABLES `pais` WRITE;
/*!40000 ALTER TABLE `pais` DISABLE KEYS */;
INSERT INTO `pais` VALUES (1,0,'BR','2014-05-21 17:10:41','Brasil','Brazil.png','2014-05-21 17:10:41');
/*!40000 ALTER TABLE `pais` ENABLE KEYS */;
UNLOCK TABLES;

--
-- Table structure for table `palpite`
--

DROP TABLE IF EXISTS `palpite`;
/*!40101 SET @saved_cs_client     = @@character_set_client */;
/*!40101 SET character_set_client = utf8 */;
CREATE TABLE `palpite` (
  `id` bigint(20) NOT NULL AUTO_INCREMENT,
  `version` bigint(20) NOT NULL,
  `date_created` datetime NOT NULL,
  `finalizado` bit(1) DEFAULT b'0',
  `jogo_id` bigint(20) NOT NULL,
  `last_updated` datetime NOT NULL,
  `scoretime1` int(11) DEFAULT NULL,
  `scoretime2` int(11) DEFAULT NULL,
  `usuariobolao_id` bigint(20) NOT NULL,
  `pontuacao` int(11) DEFAULT '0',
  PRIMARY KEY (`id`),
  KEY `FK_sj2ds87lshqfmehhb1qf7r116` (`jogo_id`),
  KEY `FK_ausi2i06ekd4amwevwp5dd3br` (`usuariobolao_id`),
  CONSTRAINT `FK_ausi2i06ekd4amwevwp5dd3br` FOREIGN KEY (`usuariobolao_id`) REFERENCES `usuario_bolao` (`id`),
  CONSTRAINT `FK_sj2ds87lshqfmehhb1qf7r116` FOREIGN KEY (`jogo_id`) REFERENCES `jogo` (`id`)
) ENGINE=InnoDB AUTO_INCREMENT=658 DEFAULT CHARSET=latin1;
/*!40101 SET character_set_client = @saved_cs_client */;

--
-- Dumping data for table `palpite`
--

LOCK TABLES `palpite` WRITE;
/*!40000 ALTER TABLE `palpite` DISABLE KEYS */;
INSERT INTO `palpite` VALUES (7,6,'2014-06-26 09:58:09','',1,'2014-06-28 00:34:05',3,0,3,180),(11,3,'2014-06-26 16:51:04','',2,'2014-06-28 00:34:14',2,0,3,132),(12,1,'2014-06-26 17:30:24','',3,'2014-06-27 16:58:55',2,0,3,0),(13,2,'2014-06-26 17:30:24','',4,'2014-06-28 00:34:32',2,0,3,165),(14,2,'2014-06-26 17:30:24','',5,'2014-06-28 00:34:44',2,0,3,144),(15,1,'2014-06-26 17:30:24','',6,'2014-06-27 16:58:55',3,1,3,0),(16,1,'2014-06-26 17:30:24','',7,'2014-06-27 16:58:55',1,0,3,0),(17,1,'2014-06-26 17:30:24','',8,'2014-06-27 16:58:55',1,2,3,0),(18,1,'2014-06-26 17:30:24','',9,'2014-06-27 16:58:55',1,3,3,0),(19,2,'2014-06-26 17:30:25','',10,'2014-06-28 00:36:11',2,1,3,130),(20,2,'2014-06-26 17:30:25','',11,'2014-06-28 00:36:22',3,0,3,130),(21,2,'2014-06-26 17:30:25','',12,'2014-06-28 00:36:33',1,0,3,168),(22,1,'2014-06-26 17:30:25','',13,'2014-06-27 16:58:55',0,2,3,0),(23,2,'2014-06-26 17:30:25','',14,'2014-06-28 00:36:58',1,2,3,350),(24,2,'2014-06-26 17:30:25','',15,'2014-06-28 00:37:08',2,0,3,270),(25,1,'2014-06-26 17:30:25','',16,'2014-06-27 16:58:55',2,0,3,0),(26,1,'2014-06-26 17:30:25','',17,'2014-06-27 16:58:55',2,1,3,0),(27,2,'2014-06-26 17:30:25','',18,'2014-06-28 00:37:40',0,3,3,288),(28,1,'2014-06-26 17:30:25','',19,'2014-06-27 16:58:55',2,0,3,0),(29,2,'2014-06-26 17:30:25','',20,'2014-06-28 00:38:01',1,2,3,160),(30,2,'2014-06-26 17:30:25','',21,'2014-06-28 00:38:15',2,0,3,306),(31,2,'2014-06-26 17:30:25','',22,'2014-06-28 00:38:26',1,1,3,68),(32,1,'2014-06-26 17:30:25','',23,'2014-06-27 16:58:55',2,1,3,0),(33,1,'2014-06-26 17:30:25','',24,'2014-06-27 16:58:55',2,0,3,0),(34,2,'2014-06-26 17:30:25','',25,'2014-06-28 00:39:33',0,2,3,180),(35,2,'2014-06-26 17:30:25','',26,'2014-06-28 00:39:57',0,2,3,324),(36,2,'2014-06-26 17:30:25','',27,'2014-06-28 00:40:25',3,0,3,228),(37,1,'2014-06-26 17:30:25','',28,'2014-06-27 16:58:56',3,0,3,0),(38,1,'2014-06-26 17:30:25','',29,'2014-06-27 16:58:56',0,2,3,0),(39,2,'2014-06-26 17:30:25','',30,'2014-06-28 00:40:58',2,1,3,300),(40,1,'2014-06-26 17:30:25','',31,'2014-06-27 16:58:56',1,0,3,0),(41,1,'2014-06-26 17:30:25','',32,'2014-06-27 16:58:56',1,2,3,0),(42,3,'2014-06-26 17:30:25','',34,'2014-06-28 11:01:54',2,2,3,84),(43,2,'2014-06-26 17:30:25','',33,'2014-06-28 00:42:13',1,2,3,210),(44,3,'2014-06-26 17:30:25','',36,'2014-06-28 11:27:41',0,2,3,210),(45,2,'2014-06-26 17:30:25','',35,'2014-06-28 00:42:59',0,1,3,210),(46,3,'2014-06-26 17:30:25','',37,'2014-06-28 11:01:54',2,1,3,0),(47,1,'2014-06-26 17:30:25','',38,'2014-06-27 16:58:56',1,2,3,0),(48,2,'2014-06-26 17:30:25','',39,'2014-06-28 00:43:03',0,2,3,220),(49,1,'2014-06-26 17:30:25','',40,'2014-06-27 16:58:56',0,2,3,0),(50,2,'2014-06-26 17:30:25','',42,'2014-06-28 00:43:05',1,1,3,92),(51,3,'2014-06-26 17:30:25','',41,'2014-06-28 12:05:53',1,2,3,345),(52,2,'2014-06-26 17:30:25','',43,'2014-06-28 00:43:08',0,2,3,276),(53,1,'2014-06-26 17:30:25','',44,'2014-06-27 16:58:56',1,3,3,0),(54,4,'2014-06-26 17:33:23','',45,'2014-06-28 12:54:35',1,1,3,96),(55,2,'2014-06-26 17:33:23','',46,'2014-06-28 00:43:10',2,1,3,600),(56,3,'2014-06-26 17:33:23','',47,'2014-06-28 12:57:48',1,2,3,360),(57,1,'2014-06-26 17:33:23','',48,'2014-06-27 16:58:56',2,1,3,0),(58,3,'2014-06-26 17:33:23','',49,'2014-06-29 11:43:34',3,1,3,0),(59,6,'2014-06-26 17:33:23','',50,'2014-07-09 21:40:12',2,1,3,450),(60,7,'2014-06-26 17:33:23','\0',51,'2014-07-09 21:40:11',2,1,3,650),(61,4,'2014-06-26 17:33:23','\0',52,'2014-07-02 18:35:37',2,0,3,0),(62,14,'2014-06-26 17:33:23','\0',53,'2014-07-09 21:40:11',2,0,3,675),(63,6,'2014-06-26 17:33:23','\0',55,'2014-07-02 18:37:21',3,1,3,0),(64,5,'2014-06-27 17:01:15','\0',56,'2014-07-02 18:37:21',1,2,3,0),(65,1,'2014-06-28 17:04:20','\0',1,'2014-06-28 18:03:01',2,0,4,150),(66,1,'2014-06-28 17:05:11','\0',2,'2014-06-28 18:03:01',1,0,4,275),(67,0,'2014-06-28 17:08:48','\0',3,'2014-06-28 17:08:48',1,0,4,0),(68,1,'2014-06-28 17:08:49','\0',4,'2014-06-28 18:03:01',2,1,4,132),(69,1,'2014-06-28 17:56:27','\0',5,'2014-06-28 18:03:01',2,1,4,120),(70,0,'2014-06-28 17:56:27','\0',6,'2014-06-28 17:56:27',2,0,4,0),(71,1,'2014-06-28 18:01:49','\0',7,'2014-06-28 18:03:01',0,0,4,48),(72,1,'2014-06-28 18:01:50','\0',8,'2014-06-28 18:03:01',1,1,4,48),(73,1,'2014-06-28 18:01:50','\0',9,'2014-06-28 18:03:01',1,0,4,195),(74,1,'2014-06-28 18:01:50','\0',10,'2014-06-28 18:03:01',2,0,4,156),(75,1,'2014-06-28 18:01:50','\0',11,'2014-06-28 18:03:01',2,1,4,325),(76,1,'2014-06-28 18:01:50','\0',12,'2014-06-28 18:03:01',1,0,4,168),(77,0,'2014-06-28 18:01:50','\0',13,'2014-06-28 18:01:50',0,2,4,0),(78,0,'2014-06-28 18:01:50','\0',14,'2014-06-28 18:01:50',2,1,4,0),(79,1,'2014-06-28 18:01:50','\0',15,'2014-06-28 18:03:01',2,0,4,270),(80,0,'2014-06-28 18:01:50','\0',16,'2014-06-28 18:01:50',3,0,4,0),(81,0,'2014-06-28 18:01:50','\0',17,'2014-06-28 18:01:50',2,0,4,0),(82,1,'2014-06-28 18:01:50','\0',18,'2014-06-28 18:03:01',0,2,4,160),(83,0,'2014-06-28 18:01:50','\0',19,'2014-06-28 18:01:50',1,0,4,0),(84,1,'2014-06-28 18:01:50','\0',20,'2014-06-28 18:03:01',0,2,4,192),(85,1,'2014-06-28 18:01:50','\0',21,'2014-06-28 18:03:01',1,1,4,68),(86,0,'2014-06-28 18:01:50','\0',22,'2014-06-28 18:01:50',1,2,4,0),(87,0,'2014-06-28 18:01:50','\0',23,'2014-06-28 18:01:50',2,1,4,0),(88,0,'2014-06-28 18:01:50','\0',24,'2014-06-28 18:01:50',1,0,4,0),(89,1,'2014-06-28 18:01:50','\0',25,'2014-06-28 18:03:01',1,1,4,72),(90,1,'2014-06-28 18:01:50','\0',26,'2014-06-28 18:03:01',0,1,4,270),(91,1,'2014-06-28 18:01:50','\0',27,'2014-06-28 18:03:01',4,0,4,228),(92,0,'2014-06-28 18:01:50','\0',28,'2014-06-28 18:01:50',2,0,4,0),(93,1,'2014-06-28 18:01:50','\0',29,'2014-06-28 18:03:01',1,1,4,76),(94,1,'2014-06-28 18:01:50','\0',30,'2014-06-28 18:03:01',1,0,4,500),(95,0,'2014-06-28 18:01:50','\0',31,'2014-06-28 18:01:50',1,0,4,0),(96,0,'2014-06-28 18:01:50','\0',32,'2014-06-28 18:01:50',1,2,4,0),(97,1,'2014-06-28 18:01:50','\0',34,'2014-06-28 18:03:02',1,1,4,84),(98,1,'2014-06-28 18:01:50','\0',33,'2014-06-28 18:03:02',1,2,4,210),(99,1,'2014-06-28 18:01:50','\0',36,'2014-06-28 18:03:02',0,3,4,315),(100,1,'2014-06-28 18:01:50','\0',35,'2014-06-28 18:03:02',1,1,4,84),(101,1,'2014-06-28 18:01:50','\0',37,'2014-06-28 18:03:02',1,1,4,88),(102,1,'2014-06-28 18:01:50','\0',38,'2014-06-28 18:03:02',1,1,4,330),(103,1,'2014-06-28 18:01:50','\0',39,'2014-06-28 18:03:02',1,2,4,264),(104,0,'2014-06-28 18:01:50','\0',40,'2014-06-28 18:01:50',0,2,4,0),(105,1,'2014-06-28 18:01:50','\0',42,'2014-06-28 18:03:02',2,1,4,276),(106,1,'2014-06-28 18:01:50','\0',41,'2014-06-28 18:03:02',1,2,4,345),(107,1,'2014-06-28 18:01:50','\0',43,'2014-06-28 18:03:02',0,1,4,276),(108,0,'2014-06-28 18:01:50','\0',44,'2014-06-28 18:01:50',0,2,4,0),(109,1,'2014-06-28 18:01:50','\0',45,'2014-06-28 18:03:02',1,2,4,360),(110,1,'2014-06-28 18:01:50','\0',46,'2014-06-28 18:03:02',2,1,4,600),(111,1,'2014-06-28 18:01:50','\0',47,'2014-06-28 18:03:02',0,2,4,288),(112,0,'2014-06-28 18:01:50','\0',48,'2014-06-28 18:01:50',1,2,4,0),(113,0,'2014-06-28 18:01:50','\0',49,'2014-06-28 18:01:50',3,1,4,0),(114,3,'2014-06-28 18:01:50','\0',50,'2014-07-09 21:40:21',2,1,4,450),(115,1,'2014-06-29 11:18:57','\0',1,'2014-06-29 11:24:16',2,0,5,150),(116,1,'2014-06-29 11:18:57','\0',2,'2014-06-29 11:24:16',1,0,5,275),(117,1,'2014-06-29 11:18:57','\0',3,'2014-06-29 11:24:16',1,1,5,44),(118,1,'2014-06-29 11:18:57','\0',4,'2014-06-29 11:24:16',2,1,5,132),(119,1,'2014-06-29 11:18:57','\0',5,'2014-06-29 11:24:16',1,0,5,144),(120,0,'2014-06-29 11:18:57','\0',6,'2014-06-29 11:18:57',2,0,5,0),(121,1,'2014-06-29 11:18:57','\0',7,'2014-06-29 11:24:16',1,1,5,48),(122,1,'2014-06-29 11:18:57','\0',8,'2014-06-29 11:24:16',2,2,5,48),(123,1,'2014-06-29 11:18:57','\0',9,'2014-06-29 11:24:16',1,0,5,195),(124,1,'2014-06-29 11:18:57','\0',10,'2014-06-29 11:24:16',3,0,5,325),(125,1,'2014-06-29 11:18:57','\0',11,'2014-06-29 11:24:16',3,1,5,156),(126,1,'2014-06-29 11:18:57','\0',12,'2014-06-29 11:24:16',2,1,5,140),(127,0,'2014-06-29 11:18:57','\0',13,'2014-06-29 11:18:57',1,2,5,0),(128,1,'2014-06-29 11:18:57','\0',14,'2014-06-29 11:24:16',2,2,5,56),(129,1,'2014-06-29 11:18:57','\0',15,'2014-06-29 11:24:16',3,0,5,150),(130,0,'2014-06-29 11:18:57','\0',16,'2014-06-29 11:18:57',3,1,5,0),(131,0,'2014-06-29 11:18:57','\0',17,'2014-06-29 11:18:57',2,1,5,0),(132,1,'2014-06-29 11:18:57','\0',18,'2014-06-29 11:24:16',1,3,5,288),(133,0,'2014-06-29 11:18:57','\0',19,'2014-06-29 11:18:57',2,1,5,0),(134,1,'2014-06-29 11:18:57','\0',20,'2014-06-29 11:24:16',0,2,5,192),(135,1,'2014-06-29 11:18:57','\0',21,'2014-06-29 11:24:16',2,1,5,425),(136,0,'2014-06-29 11:18:57','\0',22,'2014-06-29 11:18:57',1,2,5,0),(137,0,'2014-06-29 11:18:57','\0',23,'2014-06-29 11:18:57',1,2,5,0),(138,1,'2014-06-29 11:18:57','\0',24,'2014-06-29 11:24:16',2,2,5,72),(139,1,'2014-06-29 11:18:57','\0',25,'2014-06-29 11:24:16',1,2,5,180),(140,1,'2014-06-29 11:18:57','\0',26,'2014-06-29 11:24:16',0,1,5,270),(141,1,'2014-06-29 11:18:57','\0',27,'2014-06-29 11:24:16',3,0,5,228),(142,0,'2014-06-29 11:18:57','\0',28,'2014-06-29 11:18:57',3,1,5,0),(143,0,'2014-06-29 11:18:57','\0',29,'2014-06-29 11:18:57',0,2,5,0),(144,1,'2014-06-29 11:18:57','\0',30,'2014-06-29 11:24:16',2,1,5,300),(145,1,'2014-06-29 11:18:57','\0',31,'2014-06-29 11:24:16',1,2,5,200),(146,1,'2014-06-29 11:18:57','\0',32,'2014-06-29 11:24:16',1,1,5,300),(147,0,'2014-06-29 11:18:57','\0',34,'2014-06-29 11:18:57',1,2,5,0),(148,0,'2014-06-29 11:18:57','\0',33,'2014-06-29 11:18:57',2,1,5,0),(149,1,'2014-06-29 11:18:57','\0',36,'2014-06-29 11:24:16',0,4,5,378),(150,0,'2014-06-29 11:18:57','\0',35,'2014-06-29 11:18:57',1,0,5,0),(151,1,'2014-06-29 11:18:57','\0',37,'2014-06-29 11:24:16',1,2,5,330),(152,0,'2014-06-29 11:18:57','\0',38,'2014-06-29 11:18:57',2,0,5,0),(153,1,'2014-06-29 11:18:57','\0',39,'2014-06-29 11:24:17',1,3,5,264),(154,0,'2014-06-29 11:18:57','\0',40,'2014-06-29 11:18:57',1,2,5,0),(155,1,'2014-06-29 11:18:58','\0',42,'2014-06-29 11:24:17',0,0,5,92),(156,1,'2014-06-29 11:18:58','\0',41,'2014-06-29 11:24:17',0,2,5,230),(157,1,'2014-06-29 11:18:58','\0',43,'2014-06-29 11:24:17',0,1,5,276),(158,0,'2014-06-29 11:18:58','\0',44,'2014-06-29 11:18:58',0,3,5,0),(159,1,'2014-06-29 11:18:58','\0',45,'2014-06-29 11:24:17',2,2,5,96),(160,0,'2014-06-29 11:18:58','\0',46,'2014-06-29 11:18:58',1,2,5,0),(161,1,'2014-06-29 11:18:58','\0',47,'2014-06-29 11:24:17',0,2,5,288),(162,0,'2014-06-29 11:18:58','\0',48,'2014-06-29 11:18:58',2,1,5,0),(163,0,'2014-06-29 11:18:58','\0',49,'2014-06-29 11:18:58',3,2,5,0),(164,3,'2014-06-29 11:18:58','\0',50,'2014-07-09 21:40:23',3,1,5,375),(165,1,'2014-06-29 11:24:02','\0',1,'2014-06-29 11:24:17',2,0,9,150),(166,1,'2014-06-29 11:24:02','\0',2,'2014-06-29 11:24:17',1,1,9,44),(167,0,'2014-06-29 11:24:02','\0',3,'2014-06-29 11:24:02',2,1,9,0),(168,1,'2014-06-29 11:24:02','\0',4,'2014-06-29 11:24:17',2,0,9,165),(169,1,'2014-06-29 11:24:02','\0',5,'2014-06-29 11:24:17',1,1,9,48),(170,0,'2014-06-29 11:24:02','\0',6,'2014-06-29 11:24:02',2,0,9,0),(171,1,'2014-06-29 11:24:02','\0',7,'2014-06-29 11:24:17',0,1,9,180),(172,0,'2014-06-29 11:24:02','\0',8,'2014-06-29 11:24:02',0,2,9,0),(173,1,'2014-06-29 11:24:02','\0',9,'2014-06-29 11:24:17',2,1,9,325),(174,1,'2014-06-29 11:24:02','\0',10,'2014-06-29 11:24:17',2,0,9,156),(175,1,'2014-06-29 11:24:02','\0',11,'2014-06-29 11:24:17',3,0,9,130),(176,1,'2014-06-29 11:24:02','\0',12,'2014-06-29 11:24:17',3,1,9,140),(177,0,'2014-06-29 11:24:02','\0',13,'2014-06-29 11:24:02',1,2,9,0),(178,1,'2014-06-29 11:24:02','\0',14,'2014-06-29 11:24:17',0,2,9,252),(179,1,'2014-06-29 11:24:02','\0',15,'2014-06-29 11:24:17',3,0,9,150),(180,0,'2014-06-29 11:24:02','\0',16,'2014-06-29 11:24:02',2,1,9,0),(181,1,'2014-06-29 11:24:02','\0',17,'2014-06-29 11:24:17',0,0,9,225),(182,1,'2014-06-29 11:24:02','\0',18,'2014-06-29 11:24:17',0,3,9,288),(183,0,'2014-06-29 11:24:02','\0',19,'2014-06-29 11:24:02',2,1,9,0),(184,1,'2014-06-29 11:24:02','\0',20,'2014-06-29 11:24:17',0,0,9,64),(185,1,'2014-06-29 11:24:02','\0',21,'2014-06-29 11:24:17',1,1,9,68),(186,0,'2014-06-29 11:24:02','\0',22,'2014-06-29 11:24:02',1,2,9,0),(187,0,'2014-06-29 11:24:02','\0',23,'2014-06-29 11:24:02',1,0,9,0),(188,0,'2014-06-29 11:24:02','\0',24,'2014-06-29 11:24:02',2,1,9,0),(189,1,'2014-06-29 11:24:02','\0',25,'2014-06-29 11:24:17',0,1,9,180),(190,1,'2014-06-29 11:24:02','\0',26,'2014-06-29 11:24:17',0,2,9,324),(191,1,'2014-06-29 11:24:02','\0',27,'2014-06-29 11:24:17',2,0,9,228),(192,0,'2014-06-29 11:24:02','\0',28,'2014-06-29 11:24:02',3,0,9,0),(193,0,'2014-06-29 11:24:02','\0',29,'2014-06-29 11:24:02',0,2,9,0),(194,1,'2014-06-29 11:24:02','\0',30,'2014-06-29 11:24:17',1,1,9,80),(195,0,'2014-06-29 11:24:02','\0',31,'2014-06-29 11:24:02',1,0,9,0),(196,0,'2014-06-29 11:24:02','\0',32,'2014-06-29 11:24:02',1,0,9,0),(197,1,'2014-06-29 11:24:02','\0',34,'2014-06-29 11:24:17',2,2,9,84),(198,1,'2014-06-29 11:24:02','\0',33,'2014-06-29 11:24:17',0,2,9,252),(199,1,'2014-06-29 11:24:02','\0',36,'2014-06-29 11:24:17',0,3,9,315),(200,0,'2014-06-29 11:24:02','\0',35,'2014-06-29 11:24:02',2,0,9,0),(201,1,'2014-06-29 11:24:02','\0',37,'2014-06-29 11:24:17',1,1,9,88),(202,0,'2014-06-29 11:24:02','\0',38,'2014-06-29 11:24:02',2,1,9,0),(203,1,'2014-06-29 11:24:02','\0',39,'2014-06-29 11:24:17',0,2,9,220),(204,0,'2014-06-29 11:24:02','\0',40,'2014-06-29 11:24:02',1,2,9,0),(205,1,'2014-06-29 11:24:02','\0',42,'2014-06-29 11:24:17',2,1,9,276),(206,1,'2014-06-29 11:24:02','\0',41,'2014-06-29 11:24:17',0,2,9,230),(207,1,'2014-06-29 11:24:02','\0',43,'2014-06-29 11:24:18',1,2,9,230),(208,0,'2014-06-29 11:24:02','\0',44,'2014-06-29 11:24:02',1,2,9,0),(209,1,'2014-06-29 11:24:02','\0',45,'2014-06-29 11:24:18',1,1,9,96),(210,0,'2014-06-29 11:24:02','\0',46,'2014-06-29 11:24:02',1,2,9,0),(211,1,'2014-06-29 11:24:02','\0',47,'2014-06-29 11:24:18',0,2,9,288),(212,1,'2014-06-29 11:24:03','\0',48,'2014-06-29 11:24:18',2,2,9,360),(213,0,'2014-06-29 11:24:03','\0',49,'2014-06-29 11:24:03',2,0,9,0),(214,3,'2014-06-29 11:24:03','\0',50,'2014-07-09 21:40:24',1,0,9,300),(215,1,'2014-06-29 11:31:35','\0',1,'2014-06-29 11:37:51',2,1,10,120),(216,1,'2014-06-29 11:31:35','\0',2,'2014-06-29 11:37:51',1,1,10,44),(217,0,'2014-06-29 11:31:35','\0',3,'2014-06-29 11:31:35',2,1,10,0),(218,1,'2014-06-29 11:31:35','\0',4,'2014-06-29 11:37:51',2,0,10,165),(219,1,'2014-06-29 11:31:35','\0',5,'2014-06-29 11:37:51',3,1,10,216),(220,0,'2014-06-29 11:31:35','\0',6,'2014-06-29 11:31:35',2,0,10,0),(221,1,'2014-06-29 11:31:35','\0',7,'2014-06-29 11:37:51',1,1,10,48),(222,0,'2014-06-29 11:31:35','\0',8,'2014-06-29 11:31:35',1,2,10,0),(223,1,'2014-06-29 11:31:35','\0',9,'2014-06-29 11:37:51',2,0,10,234),(224,1,'2014-06-29 11:31:35','\0',10,'2014-06-29 11:37:51',2,1,10,130),(225,1,'2014-06-29 11:31:35','\0',11,'2014-06-29 11:37:52',2,0,10,234),(226,1,'2014-06-29 11:31:35','\0',12,'2014-06-29 11:37:52',1,1,10,56),(227,0,'2014-06-29 11:31:35','\0',13,'2014-06-29 11:31:35',1,3,10,0),(228,1,'2014-06-29 11:31:35','\0',14,'2014-06-29 11:37:52',1,1,10,56),(229,1,'2014-06-29 11:31:35','\0',15,'2014-06-29 11:37:52',2,2,10,60),(230,0,'2014-06-29 11:31:35','\0',16,'2014-06-29 11:31:35',2,1,10,0),(231,1,'2014-06-29 11:31:35','\0',17,'2014-06-29 11:37:52',1,1,10,375),(232,1,'2014-06-29 11:31:35','\0',18,'2014-06-29 11:37:52',1,2,10,240),(233,1,'2014-06-29 11:31:35','\0',19,'2014-06-29 11:37:52',1,1,10,64),(234,1,'2014-06-29 11:31:35','\0',20,'2014-06-29 11:37:52',1,2,10,160),(235,1,'2014-06-29 11:31:35','\0',21,'2014-06-29 11:37:52',2,1,10,425),(236,1,'2014-06-29 11:31:35','\0',22,'2014-06-29 11:37:52',1,1,10,68),(237,0,'2014-06-29 11:31:35','\0',23,'2014-06-29 11:31:35',2,1,10,0),(238,0,'2014-06-29 11:31:35','\0',24,'2014-06-29 11:31:35',2,1,10,0),(239,1,'2014-06-29 11:31:35','\0',25,'2014-06-29 11:37:52',1,1,10,72),(240,1,'2014-06-29 11:31:35','\0',26,'2014-06-29 11:37:52',1,2,10,450),(241,1,'2014-06-29 11:31:35','\0',27,'2014-06-29 11:37:52',3,1,10,190),(242,0,'2014-06-29 11:31:35','\0',28,'2014-06-29 11:31:35',2,0,10,0),(243,0,'2014-06-29 11:31:36','\0',29,'2014-06-29 11:31:36',1,2,10,0),(244,1,'2014-06-29 11:31:36','\0',30,'2014-06-29 11:37:52',3,2,10,300),(245,1,'2014-06-29 11:31:36','\0',31,'2014-06-29 11:37:52',1,1,10,80),(246,0,'2014-06-29 11:31:36','\0',32,'2014-06-29 11:31:36',1,2,10,0),(247,1,'2014-06-29 11:31:36','\0',34,'2014-06-29 11:37:52',2,1,10,378),(248,1,'2014-06-29 11:31:36','\0',33,'2014-06-29 11:37:52',0,3,10,525),(249,1,'2014-06-29 11:31:36','\0',36,'2014-06-29 11:37:52',0,3,10,315),(250,1,'2014-06-29 11:31:36','\0',35,'2014-06-29 11:37:52',1,2,10,252),(251,1,'2014-06-29 11:31:36','\0',37,'2014-06-29 11:37:52',1,1,10,88),(252,0,'2014-06-29 11:31:36','\0',38,'2014-06-29 11:31:36',0,1,10,0),(253,1,'2014-06-29 11:31:36','\0',39,'2014-06-29 11:37:52',1,2,10,264),(254,0,'2014-06-29 11:31:36','\0',40,'2014-06-29 11:31:36',0,2,10,0),(255,1,'2014-06-29 11:31:36','\0',42,'2014-06-29 11:37:52',1,1,10,92),(256,1,'2014-06-29 11:31:36','\0',41,'2014-06-29 11:37:52',1,2,10,345),(257,1,'2014-06-29 11:31:36','\0',43,'2014-06-29 11:37:52',0,2,10,276),(258,0,'2014-06-29 11:31:36','\0',44,'2014-06-29 11:31:36',1,2,10,0),(259,1,'2014-06-29 11:31:36','\0',45,'2014-06-29 11:37:52',1,2,10,360),(260,1,'2014-06-29 11:31:36','\0',46,'2014-06-29 11:37:52',2,1,10,600),(261,1,'2014-06-29 11:31:36','\0',47,'2014-06-29 11:37:52',1,3,10,240),(262,1,'2014-06-29 11:31:36','\0',48,'2014-06-29 11:37:52',1,1,10,600),(263,0,'2014-06-29 11:31:36','\0',49,'2014-06-29 11:31:36',2,1,10,0),(264,0,'2014-06-29 11:31:36','\0',50,'2014-06-29 11:31:36',0,1,10,0),(265,1,'2014-06-29 11:37:36','\0',1,'2014-06-29 11:37:52',2,0,11,150),(266,1,'2014-06-29 11:37:36','\0',2,'2014-06-29 11:37:53',2,1,11,165),(267,0,'2014-06-29 11:37:36','\0',3,'2014-06-29 11:37:36',2,1,11,0),(268,1,'2014-06-29 11:37:36','\0',4,'2014-06-29 11:37:53',3,0,11,198),(269,0,'2014-06-29 11:37:36','\0',5,'2014-06-29 11:37:36',1,2,11,0),(270,0,'2014-06-29 11:37:36','\0',6,'2014-06-29 11:37:36',3,0,11,0),(271,1,'2014-06-29 11:37:36','\0',7,'2014-06-29 11:37:53',1,2,11,300),(272,0,'2014-06-29 11:37:36','\0',8,'2014-06-29 11:37:36',1,2,11,0),(273,1,'2014-06-29 11:37:36','\0',9,'2014-06-29 11:37:53',1,1,11,52),(274,1,'2014-06-29 11:37:36','\0',10,'2014-06-29 11:37:53',4,0,11,156),(275,1,'2014-06-29 11:37:36','\0',11,'2014-06-29 11:37:53',4,0,11,130),(276,1,'2014-06-29 11:37:36','\0',12,'2014-06-29 11:37:53',3,2,11,140),(277,0,'2014-06-29 11:37:36','\0',13,'2014-06-29 11:37:36',1,2,11,0),(278,1,'2014-06-29 11:37:36','\0',14,'2014-06-29 11:37:53',0,1,11,210),(279,1,'2014-06-29 11:37:36','\0',15,'2014-06-29 11:37:53',3,0,11,150),(280,0,'2014-06-29 11:37:36','\0',16,'2014-06-29 11:37:36',2,1,11,0),(281,0,'2014-06-29 11:37:36','\0',17,'2014-06-29 11:37:36',2,1,11,0),(282,1,'2014-06-29 11:37:36','\0',18,'2014-06-29 11:37:53',0,3,11,288),(283,0,'2014-06-29 11:37:36','\0',19,'2014-06-29 11:37:36',3,1,11,0),(284,1,'2014-06-29 11:37:36','\0',20,'2014-06-29 11:37:53',1,2,11,160),(285,1,'2014-06-29 11:37:36','\0',21,'2014-06-29 11:37:53',2,1,11,425),(286,0,'2014-06-29 11:37:36','\0',22,'2014-06-29 11:37:36',0,2,11,0),(287,0,'2014-06-29 11:37:36','\0',23,'2014-06-29 11:37:36',2,1,11,0),(288,0,'2014-06-29 11:37:36','\0',24,'2014-06-29 11:37:36',3,0,11,0),(289,1,'2014-06-29 11:37:36','\0',25,'2014-06-29 11:37:53',0,1,11,180),(290,1,'2014-06-29 11:37:36','\0',26,'2014-06-29 11:37:53',1,3,11,216),(291,1,'2014-06-29 11:37:36','\0',27,'2014-06-29 11:37:53',3,0,11,228),(292,0,'2014-06-29 11:37:36','\0',28,'2014-06-29 11:37:36',3,0,11,0),(293,0,'2014-06-29 11:37:36','\0',29,'2014-06-29 11:37:36',1,2,11,0),(294,1,'2014-06-29 11:37:36','\0',30,'2014-06-29 11:37:53',2,1,11,300),(295,1,'2014-06-29 11:37:36','\0',31,'2014-06-29 11:37:53',0,0,11,80),(296,0,'2014-06-29 11:37:36','\0',32,'2014-06-29 11:37:36',1,2,11,0),(297,1,'2014-06-29 11:37:36','\0',34,'2014-06-29 11:37:53',2,1,11,378),(298,0,'2014-06-29 11:37:36','\0',33,'2014-06-29 11:37:36',2,1,11,0),(299,1,'2014-06-29 11:37:36','\0',36,'2014-06-29 11:37:53',0,2,11,210),(300,0,'2014-06-29 11:37:36','\0',35,'2014-06-29 11:37:36',2,1,11,0),(301,1,'2014-06-29 11:37:36','\0',37,'2014-06-29 11:37:53',1,2,11,330),(302,0,'2014-06-29 11:37:36','\0',38,'2014-06-29 11:37:36',1,0,11,0),(303,1,'2014-06-29 11:37:36','\0',39,'2014-06-29 11:37:53',1,2,11,264),(304,0,'2014-06-29 11:37:36','\0',40,'2014-06-29 11:37:36',1,2,11,0),(305,1,'2014-06-29 11:37:36','\0',42,'2014-06-29 11:37:53',1,0,11,230),(306,1,'2014-06-29 11:37:36','\0',41,'2014-06-29 11:37:53',1,2,11,345),(307,1,'2014-06-29 11:37:36','\0',43,'2014-06-29 11:37:53',1,2,11,230),(308,0,'2014-06-29 11:37:36','\0',44,'2014-06-29 11:37:36',1,3,11,0),(309,1,'2014-06-29 11:37:36','\0',45,'2014-06-29 11:37:54',1,3,11,240),(310,1,'2014-06-29 11:37:36','\0',46,'2014-06-29 11:37:54',2,1,11,600),(311,1,'2014-06-29 11:37:36','\0',47,'2014-06-29 11:37:54',0,1,11,600),(312,0,'2014-06-29 11:37:36','\0',48,'2014-06-29 11:37:36',2,1,11,0),(313,0,'2014-06-29 11:37:36','\0',49,'2014-06-29 11:37:36',2,0,11,0),(314,0,'2014-06-29 11:37:36','\0',50,'2014-06-29 11:37:36',1,2,11,0),(315,0,'2014-06-29 11:43:34','\0',54,'2014-06-29 11:43:34',2,0,3,0),(316,3,'2014-06-29 15:17:06','\0',51,'2014-07-09 21:40:26',2,1,10,650),(317,3,'2014-06-29 15:17:37','\0',51,'2014-07-09 21:40:22',1,1,4,104),(318,3,'2014-06-29 15:18:04','\0',51,'2014-07-09 21:40:30',2,0,11,468),(319,4,'2014-06-29 15:18:40','\0',53,'2014-07-09 21:40:23',3,1,5,405),(320,3,'2014-06-29 15:19:12','\0',51,'2014-07-09 21:40:25',2,0,9,468),(321,1,'2014-06-29 16:16:16','\0',1,'2014-06-29 16:16:30',2,0,12,150),(322,1,'2014-06-29 16:16:16','\0',2,'2014-06-29 16:16:30',1,1,12,44),(323,1,'2014-06-29 16:16:16','\0',3,'2014-06-29 16:16:30',0,1,12,110),(324,1,'2014-06-29 16:16:16','\0',4,'2014-06-29 16:16:30',2,0,12,165),(325,1,'2014-06-29 16:16:16','\0',5,'2014-06-29 16:16:30',1,0,12,144),(326,0,'2014-06-29 16:16:16','\0',6,'2014-06-29 16:16:16',2,0,12,0),(327,1,'2014-06-29 16:16:16','\0',7,'2014-06-29 16:16:30',1,1,12,48),(328,0,'2014-06-29 16:16:16','\0',8,'2014-06-29 16:16:16',0,2,12,0),(329,1,'2014-06-29 16:16:16','\0',9,'2014-06-29 16:16:30',2,1,12,325),(330,1,'2014-06-29 16:16:16','\0',10,'2014-06-29 16:16:30',2,0,12,156),(331,1,'2014-06-29 16:16:16','\0',11,'2014-06-29 16:16:30',2,1,12,325),(332,1,'2014-06-29 16:16:16','\0',12,'2014-06-29 16:16:30',1,1,12,56),(333,0,'2014-06-29 16:16:16','\0',13,'2014-06-29 16:16:16',0,2,12,0),(334,1,'2014-06-29 16:16:16','\0',14,'2014-06-29 16:16:30',1,1,12,56),(335,1,'2014-06-29 16:16:16','\0',15,'2014-06-29 16:16:30',3,1,12,180),(336,0,'2014-06-29 16:16:16','\0',16,'2014-06-29 16:16:16',3,1,12,0),(337,0,'2014-06-29 16:16:16','\0',17,'2014-06-29 16:16:16',2,1,12,0),(338,1,'2014-06-29 16:16:16','\0',18,'2014-06-29 16:16:30',1,3,12,288),(339,1,'2014-06-29 16:16:16','\0',19,'2014-06-29 16:16:30',1,2,12,288),(340,1,'2014-06-29 16:16:16','\0',20,'2014-06-29 16:16:30',0,1,12,192),(341,1,'2014-06-29 16:16:16','\0',21,'2014-06-29 16:16:30',2,0,12,306),(342,0,'2014-06-29 16:16:16','\0',22,'2014-06-29 16:16:16',0,1,12,0),(343,0,'2014-06-29 16:16:16','\0',23,'2014-06-29 16:16:16',2,1,12,0),(344,0,'2014-06-29 16:16:16','\0',24,'2014-06-29 16:16:16',3,0,12,0),(345,0,'2014-06-29 16:16:16','\0',25,'2014-06-29 16:16:16',1,0,12,0),(346,1,'2014-06-29 16:16:16','\0',26,'2014-06-29 16:16:30',0,1,12,270),(347,1,'2014-06-29 16:16:16','\0',27,'2014-06-29 16:16:30',4,0,12,228),(348,0,'2014-06-29 16:16:16','\0',28,'2014-06-29 16:16:16',3,0,12,0),(349,0,'2014-06-29 16:16:16','\0',29,'2014-06-29 16:16:16',0,2,12,0),(350,1,'2014-06-29 16:16:16','\0',30,'2014-06-29 16:16:30',1,0,12,500),(351,0,'2014-06-29 16:16:16','\0',31,'2014-06-29 16:16:16',1,0,12,0),(352,0,'2014-06-29 16:16:16','\0',32,'2014-06-29 16:16:16',0,1,12,0),(353,1,'2014-06-29 16:16:16','\0',34,'2014-06-29 16:16:30',1,0,12,252),(354,0,'2014-06-29 16:16:16','\0',33,'2014-06-29 16:16:16',1,0,12,0),(355,1,'2014-06-29 16:16:16','\0',36,'2014-06-29 16:16:30',0,3,12,315),(356,0,'2014-06-29 16:16:16','\0',35,'2014-06-29 16:16:16',2,0,12,0),(357,0,'2014-06-29 16:16:16','\0',37,'2014-06-29 16:16:16',2,1,12,0),(358,0,'2014-06-29 16:16:16','\0',38,'2014-06-29 16:16:16',0,1,12,0),(359,1,'2014-06-29 16:16:16','\0',39,'2014-06-29 16:16:30',0,2,12,220),(360,0,'2014-06-29 16:16:16','\0',40,'2014-06-29 16:16:16',0,1,12,0),(361,1,'2014-06-29 16:16:16','\0',42,'2014-06-29 16:16:30',2,0,12,345),(362,1,'2014-06-29 16:16:16','\0',41,'2014-06-29 16:16:30',0,2,12,230),(363,1,'2014-06-29 16:16:16','\0',43,'2014-06-29 16:16:30',0,2,12,276),(364,0,'2014-06-29 16:16:16','\0',44,'2014-06-29 16:16:16',1,2,12,0),(365,1,'2014-06-29 16:16:16','\0',45,'2014-06-29 16:16:30',1,1,12,96),(366,0,'2014-06-29 16:16:16','\0',46,'2014-06-29 16:16:16',0,2,12,0),(367,1,'2014-06-29 16:16:16','\0',47,'2014-06-29 16:16:30',0,2,12,288),(368,0,'2014-06-29 16:16:16','\0',48,'2014-06-29 16:16:16',0,2,12,0),(369,0,'2014-06-29 16:16:16','\0',49,'2014-06-29 16:16:16',3,1,12,0),(370,3,'2014-06-29 16:16:16','\0',50,'2014-07-09 21:40:32',2,1,12,450),(371,1,'2014-06-29 16:21:00','\0',1,'2014-06-29 16:32:26',3,2,13,180),(372,1,'2014-06-29 16:21:00','\0',2,'2014-06-29 16:32:26',2,2,13,44),(373,1,'2014-06-29 16:21:00','\0',3,'2014-06-29 16:32:26',1,2,13,132),(374,1,'2014-06-29 16:21:00','\0',4,'2014-06-29 16:32:26',3,0,13,198),(375,1,'2014-06-29 16:21:00','\0',5,'2014-06-29 16:32:26',2,1,13,120),(376,0,'2014-06-29 16:21:00','\0',6,'2014-06-29 16:21:00',2,0,13,0),(377,1,'2014-06-29 16:21:00','\0',7,'2014-06-29 16:32:26',1,3,13,144),(378,1,'2014-06-29 16:21:00','\0',8,'2014-06-29 16:32:26',2,1,13,300),(379,0,'2014-06-29 16:21:00','\0',9,'2014-06-29 16:21:00',0,2,13,0),(380,1,'2014-06-29 16:21:00','\0',10,'2014-06-29 16:32:26',3,0,13,325),(381,1,'2014-06-29 16:21:00','\0',11,'2014-06-29 16:32:26',8,0,13,130),(382,0,'2014-06-29 16:21:00','\0',12,'2014-06-29 16:21:00',2,3,13,0),(383,0,'2014-06-29 16:21:00','\0',13,'2014-06-29 16:21:00',0,4,13,0),(384,1,'2014-06-29 16:21:00','\0',14,'2014-06-29 16:32:26',2,2,13,56),(385,0,'2014-06-29 16:21:00','\0',15,'2014-06-29 16:21:00',1,2,13,0),(386,0,'2014-06-29 16:21:00','\0',16,'2014-06-29 16:21:00',2,1,13,0),(387,0,'2014-06-29 16:21:00','\0',17,'2014-06-29 16:21:00',3,2,13,0),(388,1,'2014-06-29 16:21:00','\0',18,'2014-06-29 16:32:26',0,4,13,160),(389,0,'2014-06-29 16:21:00','\0',19,'2014-06-29 16:21:00',2,1,13,0),(390,1,'2014-06-29 16:21:00','\0',20,'2014-06-29 16:32:26',2,2,13,64),(391,1,'2014-06-29 16:21:00','\0',21,'2014-06-29 16:32:26',1,0,13,255),(392,0,'2014-06-29 16:21:00','\0',22,'2014-06-29 16:21:00',1,2,13,0),(393,0,'2014-06-29 16:21:00','\0',23,'2014-06-29 16:21:00',3,1,13,0),(394,0,'2014-06-29 16:21:00','\0',24,'2014-06-29 16:21:00',4,1,13,0),(395,1,'2014-06-29 16:21:00','\0',25,'2014-06-29 16:32:26',1,3,13,180),(396,1,'2014-06-29 16:21:00','\0',26,'2014-06-29 16:32:26',0,2,13,324),(397,1,'2014-06-29 16:21:00','\0',27,'2014-06-29 16:32:26',5,0,13,228),(398,0,'2014-06-29 16:21:00','\0',28,'2014-06-29 16:21:00',3,1,13,0),(399,1,'2014-06-29 16:21:00','\0',29,'2014-06-29 16:32:26',1,1,13,76),(400,1,'2014-06-29 16:21:00','\0',30,'2014-06-29 16:32:26',2,2,13,80),(401,1,'2014-06-29 16:21:00','\0',31,'2014-06-29 16:32:26',1,1,13,80),(402,0,'2014-06-29 16:21:00','\0',32,'2014-06-29 16:21:00',1,2,13,0),(403,0,'2014-06-29 16:21:00','\0',34,'2014-06-29 16:21:00',1,2,13,0),(404,1,'2014-06-29 16:21:00','\0',33,'2014-06-29 16:32:26',1,2,13,210),(405,1,'2014-06-29 16:21:00','\0',36,'2014-06-29 16:32:26',1,2,13,252),(406,1,'2014-06-29 16:21:00','\0',35,'2014-06-29 16:32:26',1,1,13,84),(407,1,'2014-06-29 16:21:00','\0',37,'2014-06-29 16:32:26',1,2,13,330),(408,0,'2014-06-29 16:21:00','\0',38,'2014-06-29 16:21:00',0,2,13,0),(409,1,'2014-06-29 16:21:00','\0',39,'2014-06-29 16:32:26',1,1,13,88),(410,0,'2014-06-29 16:21:00','\0',40,'2014-06-29 16:21:00',0,1,13,0),(411,1,'2014-06-29 16:21:00','\0',42,'2014-06-29 16:32:26',1,0,13,230),(412,1,'2014-06-29 16:21:00','\0',41,'2014-06-29 16:32:26',0,3,13,414),(413,1,'2014-06-29 16:21:00','\0',43,'2014-06-29 16:32:26',0,4,13,276),(414,0,'2014-06-29 16:21:00','\0',44,'2014-06-29 16:21:00',1,4,13,0),(415,1,'2014-06-29 16:21:00','\0',45,'2014-06-29 16:32:26',2,3,13,360),(416,1,'2014-06-29 16:21:00','\0',46,'2014-06-29 16:32:26',3,1,13,288),(417,1,'2014-06-29 16:21:00','\0',47,'2014-06-29 16:32:26',0,1,13,600),(418,0,'2014-06-29 16:21:00','\0',48,'2014-06-29 16:21:00',0,2,13,0),(419,0,'2014-06-29 16:21:00','\0',49,'2014-06-29 16:21:00',2,0,13,0),(420,0,'2014-06-29 16:21:00','\0',50,'2014-06-29 16:21:00',0,1,13,0),(421,1,'2014-06-29 16:25:23','\0',1,'2014-06-29 16:32:26',1,0,14,100),(422,0,'2014-06-29 16:25:23','\0',2,'2014-06-29 16:25:23',1,2,14,0),(423,1,'2014-06-29 16:25:23','\0',3,'2014-06-29 16:32:26',1,1,14,44),(424,1,'2014-06-29 16:25:23','\0',4,'2014-06-29 16:32:26',2,0,14,165),(425,1,'2014-06-29 16:25:23','\0',5,'2014-06-29 16:32:26',2,0,14,144),(426,0,'2014-06-29 16:25:23','\0',6,'2014-06-29 16:25:23',3,1,14,0),(427,1,'2014-06-29 16:25:23','\0',7,'2014-06-29 16:32:26',0,1,14,180),(428,1,'2014-06-29 16:25:23','\0',8,'2014-06-29 16:32:26',2,1,14,300),(429,1,'2014-06-29 16:25:23','\0',9,'2014-06-29 16:32:26',2,1,14,325),(430,1,'2014-06-29 16:25:23','\0',10,'2014-06-29 16:32:26',3,0,14,325),(431,1,'2014-06-29 16:25:23','\0',11,'2014-06-29 16:32:26',3,1,14,156),(432,1,'2014-06-29 16:25:23','\0',12,'2014-06-29 16:32:26',2,1,14,140),(433,0,'2014-06-29 16:25:23','\0',13,'2014-06-29 16:25:23',0,1,14,0),(434,1,'2014-06-29 16:25:23','\0',14,'2014-06-29 16:32:26',2,2,14,56),(435,1,'2014-06-29 16:25:23','\0',15,'2014-06-29 16:32:26',3,0,14,150),(436,0,'2014-06-29 16:25:23','\0',16,'2014-06-29 16:25:23',2,0,14,0),(437,0,'2014-06-29 16:25:23','\0',17,'2014-06-29 16:25:23',1,0,14,0),(438,1,'2014-06-29 16:25:23','\0',18,'2014-06-29 16:32:26',0,3,14,288),(439,0,'2014-06-29 16:25:23','\0',19,'2014-06-29 16:25:23',2,1,14,0),(440,1,'2014-06-29 16:25:23','\0',20,'2014-06-29 16:32:26',0,2,14,192),(441,1,'2014-06-29 16:25:23','\0',21,'2014-06-29 16:32:26',2,1,14,425),(442,1,'2014-06-29 16:25:23','\0',22,'2014-06-29 16:32:26',1,1,14,68),(443,0,'2014-06-29 16:25:23','\0',23,'2014-06-29 16:25:23',1,0,14,0),(444,0,'2014-06-29 16:25:23','\0',24,'2014-06-29 16:25:23',2,0,14,0),(445,1,'2014-06-29 16:25:23','\0',25,'2014-06-29 16:32:26',1,3,14,180),(446,1,'2014-06-29 16:25:23','\0',26,'2014-06-29 16:32:26',1,1,14,72),(447,1,'2014-06-29 16:25:23','\0',27,'2014-06-29 16:32:26',3,0,14,228),(448,0,'2014-06-29 16:25:23','\0',28,'2014-06-29 16:25:23',3,1,14,0),(449,0,'2014-06-29 16:25:23','\0',29,'2014-06-29 16:25:23',0,1,14,0),(450,1,'2014-06-29 16:25:23','\0',30,'2014-06-29 16:32:26',2,1,14,300),(451,0,'2014-06-29 16:25:23','\0',31,'2014-06-29 16:25:23',1,0,14,0),(452,0,'2014-06-29 16:25:23','\0',32,'2014-06-29 16:25:23',2,0,14,0),(453,1,'2014-06-29 16:25:23','\0',34,'2014-06-29 16:32:26',2,1,14,378),(454,1,'2014-06-29 16:25:23','\0',33,'2014-06-29 16:32:26',0,2,14,252),(455,1,'2014-06-29 16:25:23','\0',36,'2014-06-29 16:32:26',0,3,14,315),(456,0,'2014-06-29 16:25:23','\0',35,'2014-06-29 16:25:23',2,1,14,0),(457,1,'2014-06-29 16:25:23','\0',39,'2014-06-29 16:32:26',1,3,14,264),(458,0,'2014-06-29 16:25:23','\0',40,'2014-06-29 16:25:23',0,1,14,0),(459,1,'2014-06-29 16:25:23','\0',43,'2014-06-29 16:32:26',1,2,14,230),(460,0,'2014-06-29 16:25:23','\0',44,'2014-06-29 16:25:23',1,2,14,0),(461,1,'2014-06-29 16:25:23','\0',45,'2014-06-29 16:32:26',1,2,14,360),(462,1,'2014-06-29 16:25:23','\0',46,'2014-06-29 16:32:26',2,2,14,96),(463,1,'2014-06-29 16:25:23','\0',47,'2014-06-29 16:32:26',1,2,14,360),(464,0,'2014-06-29 16:25:23','\0',48,'2014-06-29 16:25:23',2,1,14,0),(465,0,'2014-06-29 16:25:23','\0',49,'2014-06-29 16:25:23',2,1,14,0),(466,0,'2014-06-29 16:25:23','\0',50,'2014-06-29 16:25:23',1,2,14,0),(467,1,'2014-06-29 16:29:41','\0',1,'2014-06-29 16:32:26',3,1,15,250),(468,1,'2014-06-29 16:29:41','\0',2,'2014-06-29 16:32:26',1,1,15,44),(469,0,'2014-06-29 16:29:41','\0',3,'2014-06-29 16:29:41',3,0,15,0),(470,1,'2014-06-29 16:29:41','\0',4,'2014-06-29 16:32:26',2,1,15,132),(471,1,'2014-06-29 16:29:41','\0',5,'2014-06-29 16:32:26',1,1,15,48),(472,0,'2014-06-29 16:29:41','\0',6,'2014-06-29 16:29:41',3,0,15,0),(473,1,'2014-06-29 16:29:41','\0',7,'2014-06-29 16:32:26',2,2,15,48),(474,0,'2014-06-29 16:29:41','\0',8,'2014-06-29 16:29:41',1,2,15,0),(475,1,'2014-06-29 16:29:41','\0',9,'2014-06-29 16:32:26',2,1,15,325),(476,1,'2014-06-29 16:29:41','\0',10,'2014-06-29 16:32:26',2,0,15,156),(477,0,'2014-06-29 16:29:41','\0',11,'2014-06-29 16:29:41',1,2,15,0),(478,1,'2014-06-29 16:29:41','\0',12,'2014-06-29 16:32:26',3,1,15,140),(479,0,'2014-06-29 16:29:41','\0',13,'2014-06-29 16:29:41',1,2,15,0),(480,0,'2014-06-29 16:29:41','\0',14,'2014-06-29 16:29:41',2,1,15,0),(481,1,'2014-06-29 16:29:41','\0',15,'2014-06-29 16:32:26',2,1,15,375),(482,0,'2014-06-29 16:29:41','\0',16,'2014-06-29 16:29:41',2,0,15,0),(483,0,'2014-06-29 16:29:41','\0',17,'2014-06-29 16:29:41',2,0,15,0),(484,1,'2014-06-29 16:29:41','\0',18,'2014-06-29 16:32:26',0,3,15,288),(485,0,'2014-06-29 16:29:41','\0',19,'2014-06-29 16:29:41',4,0,15,0),(486,1,'2014-06-29 16:29:41','\0',20,'2014-06-29 16:32:26',2,3,15,160),(487,1,'2014-06-29 16:29:41','\0',21,'2014-06-29 16:32:26',2,1,15,425),(488,1,'2014-06-29 16:29:41','\0',22,'2014-06-29 16:32:26',2,2,15,68),(489,0,'2014-06-29 16:29:41','\0',23,'2014-06-29 16:29:41',1,2,15,0),(490,0,'2014-06-29 16:29:41','\0',24,'2014-06-29 16:29:41',3,0,15,0),(491,1,'2014-06-29 16:29:41','\0',25,'2014-06-29 16:32:26',1,2,15,180),(492,1,'2014-06-29 16:29:41','\0',26,'2014-06-29 16:32:26',1,1,15,72),(493,1,'2014-06-29 16:29:41','\0',27,'2014-06-29 16:32:26',3,0,15,228),(494,0,'2014-06-29 16:29:41','\0',28,'2014-06-29 16:29:41',4,0,15,0),(495,0,'2014-06-29 16:29:41','\0',29,'2014-06-29 16:29:41',1,2,15,0),(496,1,'2014-06-29 16:29:41','\0',30,'2014-06-29 16:32:26',1,1,15,80),(497,1,'2014-06-29 16:29:41','\0',31,'2014-06-29 16:32:26',1,2,15,200),(498,0,'2014-06-29 16:29:41','\0',32,'2014-06-29 16:29:41',0,2,15,0),(499,1,'2014-06-29 16:29:41','\0',34,'2014-06-29 16:32:26',2,2,15,84),(500,1,'2014-06-29 16:29:41','\0',33,'2014-06-29 16:32:26',1,3,15,378),(501,1,'2014-06-29 16:29:41','\0',36,'2014-06-29 16:32:26',1,3,15,252),(502,0,'2014-06-29 16:29:41','\0',35,'2014-06-29 16:29:41',2,1,15,0),(503,1,'2014-06-29 16:29:41','\0',37,'2014-06-29 16:32:26',1,2,15,330),(504,0,'2014-06-29 16:29:41','\0',38,'2014-06-29 16:29:41',1,2,15,0),(505,1,'2014-06-29 16:29:41','\0',39,'2014-06-29 16:32:26',0,2,15,220),(506,0,'2014-06-29 16:29:41','\0',40,'2014-06-29 16:29:41',1,3,15,0),(507,1,'2014-06-29 16:29:41','\0',42,'2014-06-29 16:32:26',0,0,15,92),(508,1,'2014-06-29 16:29:41','\0',41,'2014-06-29 16:32:26',0,2,15,230),(509,1,'2014-06-29 16:29:41','\0',43,'2014-06-29 16:32:26',1,2,15,230),(510,0,'2014-06-29 16:29:41','\0',44,'2014-06-29 16:29:41',0,2,15,0),(511,1,'2014-06-29 16:29:41','\0',45,'2014-06-29 16:32:26',0,2,15,288),(512,1,'2014-06-29 16:29:41','\0',46,'2014-06-29 16:32:26',3,1,15,288),(513,1,'2014-06-29 16:29:41','\0',47,'2014-06-29 16:32:26',1,2,15,360),(514,0,'2014-06-29 16:29:41','\0',48,'2014-06-29 16:29:41',2,1,15,0),(515,0,'2014-06-29 16:29:41','\0',49,'2014-06-29 16:29:41',2,0,15,0),(516,0,'2014-06-29 16:29:41','\0',50,'2014-06-29 16:29:41',1,2,15,0),(517,1,'2014-06-29 16:32:04','\0',1,'2014-06-29 16:32:26',2,0,16,150),(518,1,'2014-06-29 16:32:04','\0',2,'2014-06-29 16:32:26',2,1,16,165),(519,1,'2014-06-29 16:32:04','\0',3,'2014-06-29 16:32:26',1,1,16,44),(520,1,'2014-06-29 16:32:04','\0',4,'2014-06-29 16:32:26',2,1,16,132),(521,1,'2014-06-29 16:32:04','\0',5,'2014-06-29 16:32:26',2,0,16,144),(522,0,'2014-06-29 16:32:04','\0',6,'2014-06-29 16:32:04',3,0,16,0),(523,1,'2014-06-29 16:32:04','\0',7,'2014-06-29 16:32:26',2,2,16,48),(524,0,'2014-06-29 16:32:04','\0',8,'2014-06-29 16:32:04',1,2,16,0),(525,1,'2014-06-29 16:32:04','\0',9,'2014-06-29 16:32:26',3,2,16,195),(526,1,'2014-06-29 16:32:04','\0',10,'2014-06-29 16:32:26',3,0,16,325),(527,1,'2014-06-29 16:32:04','\0',11,'2014-06-29 16:32:27',3,0,16,130),(528,1,'2014-06-29 16:32:04','\0',12,'2014-06-29 16:32:27',2,1,16,140),(529,1,'2014-06-29 16:32:04','\0',13,'2014-06-29 16:32:27',1,1,16,210),(530,1,'2014-06-29 16:32:04','\0',14,'2014-06-29 16:32:27',1,1,16,56),(531,1,'2014-06-29 16:32:04','\0',15,'2014-06-29 16:32:27',2,1,16,375),(532,1,'2014-06-29 16:32:04','\0',16,'2014-06-29 16:32:27',2,2,16,225),(533,0,'2014-06-29 16:32:04','\0',17,'2014-06-29 16:32:04',2,0,16,0),(534,1,'2014-06-29 16:32:04','\0',18,'2014-06-29 16:32:27',0,3,16,288),(535,0,'2014-06-29 16:32:04','\0',19,'2014-06-29 16:32:04',2,1,16,0),(536,1,'2014-06-29 16:32:04','\0',20,'2014-06-29 16:32:27',1,3,16,160),(537,0,'2014-06-29 16:32:04','\0',49,'2014-06-29 16:32:04',2,1,16,0),(538,0,'2014-06-29 16:32:04','\0',50,'2014-06-29 16:32:04',0,2,16,0),(539,0,'2014-06-29 18:30:45','\0',52,'2014-06-29 18:30:45',3,1,10,0),(540,0,'2014-06-29 18:31:19','\0',52,'2014-06-29 18:31:19',1,0,4,0),(541,0,'2014-06-29 18:31:55','\0',52,'2014-06-29 18:31:55',2,1,11,0),(542,3,'2014-06-29 18:32:43','\0',51,'2014-07-09 21:40:32',2,0,12,468),(543,0,'2014-06-29 18:32:43','\0',52,'2014-06-29 18:32:43',2,0,12,0),(544,3,'2014-06-29 18:33:18','\0',51,'2014-07-09 21:40:35',2,0,13,468),(545,0,'2014-06-29 18:33:18','\0',52,'2014-06-29 18:33:18',2,0,13,0),(546,0,'2014-06-29 18:34:10','\0',51,'2014-06-29 18:34:10',0,1,5,0),(547,0,'2014-06-29 18:34:10','\0',52,'2014-06-29 18:34:10',2,1,5,0),(548,3,'2014-06-29 18:34:46','\0',51,'2014-07-09 21:40:37',2,0,14,468),(549,0,'2014-06-29 18:34:46','\0',52,'2014-06-29 18:34:46',1,0,14,0),(550,3,'2014-06-29 18:35:23','\0',51,'2014-07-09 21:40:39',2,0,15,468),(551,0,'2014-06-29 18:35:23','\0',52,'2014-06-29 18:35:23',2,1,15,0),(552,0,'2014-06-29 18:36:13','\0',52,'2014-06-29 18:36:13',2,0,9,0),(553,3,'2014-06-29 18:36:53','\0',51,'2014-07-09 21:40:43',2,0,16,468),(554,0,'2014-06-29 18:36:53','\0',52,'2014-06-29 18:36:53',3,0,16,0),(555,3,'2014-06-30 15:14:17','\0',53,'2014-07-09 21:40:27',1,0,10,324),(556,3,'2014-06-30 15:14:34','\0',53,'2014-07-09 21:40:22',2,1,4,486),(557,3,'2014-06-30 15:15:03','\0',53,'2014-07-09 21:40:28',2,1,11,486),(558,3,'2014-06-30 15:15:32','\0',53,'2014-07-09 21:40:32',2,0,12,675),(559,3,'2014-06-30 15:17:10','\0',53,'2014-07-09 21:40:33',3,1,13,405),(560,3,'2014-06-30 15:18:15','\0',53,'2014-07-09 21:40:36',2,0,14,675),(561,3,'2014-06-30 15:18:47','\0',53,'2014-07-09 21:40:39',2,0,15,675),(562,3,'2014-06-30 15:19:20','\0',53,'2014-07-09 21:40:24',3,1,9,405),(563,3,'2014-06-30 15:19:44','\0',53,'2014-07-09 21:40:42',3,1,16,405),(564,0,'2014-06-30 17:28:02','\0',54,'2014-06-30 17:28:02',3,1,10,0),(565,0,'2014-06-30 17:28:32','\0',54,'2014-06-30 17:28:32',2,0,4,0),(566,0,'2014-06-30 17:29:09','\0',54,'2014-06-30 17:29:09',2,0,11,0),(567,0,'2014-06-30 17:29:38','\0',54,'2014-06-30 17:29:38',4,0,12,0),(568,0,'2014-06-30 17:31:09','\0',54,'2014-06-30 17:31:09',3,0,14,0),(569,0,'2014-06-30 17:31:44','\0',54,'2014-06-30 17:31:44',2,1,15,0),(570,0,'2014-06-30 17:35:47','\0',54,'2014-06-30 17:35:47',3,0,13,0),(571,0,'2014-06-30 17:36:22','\0',54,'2014-06-30 17:36:22',2,0,5,0),(572,0,'2014-06-30 17:36:51','\0',54,'2014-06-30 17:36:51',2,0,9,0),(573,0,'2014-06-30 17:37:22','\0',54,'2014-06-30 17:37:22',3,0,16,0),(574,3,'2014-07-01 22:30:45','\0',56,'2014-07-09 21:40:26',1,1,10,420),(575,0,'2014-07-01 22:31:45','\0',55,'2014-07-01 22:31:45',2,1,10,0),(576,0,'2014-07-01 22:32:17','\0',55,'2014-07-01 22:32:17',2,1,4,0),(577,3,'2014-07-01 22:32:17','\0',56,'2014-07-09 21:40:22',1,1,4,420),(578,0,'2014-07-01 22:32:54','\0',55,'2014-07-01 22:32:54',2,1,11,0),(579,0,'2014-07-01 22:32:54','\0',56,'2014-07-01 22:32:54',1,0,11,0),(580,0,'2014-07-01 22:33:23','\0',55,'2014-07-01 22:33:23',2,1,5,0),(581,3,'2014-07-01 22:33:23','\0',56,'2014-07-09 21:40:23',2,2,5,420),(582,0,'2014-07-01 22:33:52','\0',55,'2014-07-01 22:33:52',2,0,12,0),(583,0,'2014-07-01 22:33:52','\0',56,'2014-07-01 22:33:52',2,1,12,0),(584,0,'2014-07-01 22:34:14','\0',55,'2014-07-01 22:34:14',2,1,14,0),(585,0,'2014-07-01 22:34:14','\0',56,'2014-07-01 22:34:14',1,2,14,0),(586,0,'2014-07-01 22:34:45','\0',55,'2014-07-01 22:34:45',3,1,15,0),(587,0,'2014-07-01 22:34:45','\0',56,'2014-07-01 22:34:45',0,2,15,0),(588,0,'2014-07-01 22:35:10','\0',55,'2014-07-01 22:35:10',3,0,13,0),(589,0,'2014-07-01 22:35:10','\0',56,'2014-07-01 22:35:10',2,0,13,0),(590,0,'2014-07-01 22:35:10','\0',55,'2014-07-01 22:35:10',3,0,13,0),(591,0,'2014-07-01 22:35:10','\0',56,'2014-07-01 22:35:10',2,0,13,0),(592,0,'2014-07-01 22:35:41','\0',55,'2014-07-01 22:35:41',2,0,9,0),(593,0,'2014-07-01 22:35:41','\0',56,'2014-07-01 22:35:41',1,0,9,0),(594,0,'2014-07-01 22:36:05','\0',55,'2014-07-01 22:36:05',2,0,16,0),(595,0,'2014-07-01 22:36:05','\0',56,'2014-07-01 22:36:05',3,1,16,0),(604,0,'2014-07-02 16:23:27','\0',57,'2014-07-02 16:23:27',2,1,3,0),(605,3,'2014-07-02 16:23:27','\0',58,'2014-07-09 21:40:11',2,1,3,725),(606,5,'2014-07-02 16:23:27','\0',59,'2014-07-09 21:40:11',1,1,3,120),(607,4,'2014-07-02 16:23:27','\0',60,'2014-07-09 21:40:12',0,0,3,750),(608,3,'2014-07-05 12:18:54','\0',57,'2014-07-09 21:40:26',1,1,10,116),(609,3,'2014-07-05 12:18:54','\0',58,'2014-07-09 21:40:27',2,0,10,522),(610,3,'2014-07-05 12:19:36','\0',57,'2014-07-09 21:40:21',0,1,4,725),(611,3,'2014-07-05 12:19:36','\0',58,'2014-07-09 21:40:22',2,0,4,522),(612,3,'2014-07-05 12:20:30','\0',57,'2014-07-09 21:40:28',0,0,11,116),(613,3,'2014-07-05 12:20:30','\0',58,'2014-07-09 21:40:30',2,1,11,725),(614,3,'2014-07-05 12:21:17','\0',57,'2014-07-09 21:40:30',0,1,12,725),(615,3,'2014-07-05 12:21:17','\0',58,'2014-07-09 21:40:30',1,0,12,435),(616,3,'2014-07-05 12:22:02','\0',57,'2014-07-09 21:40:36',1,2,14,435),(617,3,'2014-07-05 12:22:02','\0',58,'2014-07-09 21:40:38',2,1,14,725),(618,0,'2014-07-05 12:22:51','\0',57,'2014-07-05 12:22:51',1,0,5,0),(619,3,'2014-07-05 12:22:51','\0',58,'2014-07-09 21:40:23',1,0,5,435),(620,3,'2014-07-05 12:23:29','\0',57,'2014-07-09 21:40:41',2,2,15,116),(621,3,'2014-07-05 12:23:29','\0',58,'2014-07-09 21:40:41',2,0,15,522),(622,0,'2014-07-05 12:25:15','\0',58,'2014-07-05 12:25:15',0,1,9,0),(623,3,'2014-07-05 12:26:06','\0',57,'2014-07-09 21:40:42',1,2,16,435),(624,3,'2014-07-05 12:26:06','\0',58,'2014-07-09 21:40:43',2,0,16,522),(625,3,'2014-07-05 15:44:01','\0',59,'2014-07-09 21:40:27',1,1,10,120),(626,3,'2014-07-05 15:44:17','\0',59,'2014-07-09 21:40:21',2,1,4,450),(627,3,'2014-07-05 15:44:34','\0',59,'2014-07-09 21:40:29',1,0,11,750),(628,0,'2014-07-05 15:45:18','\0',59,'2014-07-05 15:45:18',0,1,12,0),(629,3,'2014-07-05 15:46:38','\0',59,'2014-07-09 21:40:23',0,0,5,120),(630,0,'2014-07-05 18:02:59','\0',60,'2014-07-05 18:02:59',3,1,10,0),(631,0,'2014-07-05 18:03:29','\0',60,'2014-07-05 18:03:29',1,0,4,0),(632,0,'2014-07-05 18:03:56','\0',60,'2014-07-05 18:03:56',2,1,11,0),(633,0,'2014-07-05 18:04:28','\0',60,'2014-07-05 18:04:28',2,0,12,0),(634,0,'2014-07-05 18:04:59','\0',60,'2014-07-05 18:04:59',2,1,14,0),(635,3,'2014-07-05 18:05:48','\0',59,'2014-07-09 21:40:41',2,0,15,360),(636,0,'2014-07-05 18:05:48','\0',60,'2014-07-05 18:05:48',2,1,15,0),(637,3,'2014-07-05 18:07:12','\0',59,'2014-07-09 21:40:24',2,2,9,120),(638,0,'2014-07-05 18:07:12','\0',60,'2014-07-05 18:07:12',1,2,9,0),(639,3,'2014-07-05 18:08:06','\0',59,'2014-07-09 21:40:42',2,0,16,360),(640,3,'2014-07-05 18:08:06','\0',60,'2014-07-09 21:40:43',1,1,16,450),(641,3,'2014-07-08 15:15:25','\0',61,'2014-07-09 21:40:12',0,0,3,124),(642,2,'2014-07-08 15:15:25','\0',62,'2014-07-09 21:40:12',0,0,3,800),(643,0,'2014-07-09 09:59:31','\0',61,'2014-07-09 09:59:31',2,1,10,0),(644,3,'2014-07-09 09:59:53','\0',61,'2014-07-09 21:40:22',1,1,4,124),(645,0,'2014-07-09 10:00:14','\0',61,'2014-07-09 10:00:14',2,1,11,0),(646,0,'2014-07-09 10:00:33','\0',61,'2014-07-09 10:00:33',1,0,12,0),(647,0,'2014-07-09 10:00:57','\0',61,'2014-07-09 10:00:57',2,0,14,0),(648,0,'2014-07-09 10:01:20','\0',61,'2014-07-09 10:01:20',2,1,15,0),(649,0,'2014-07-09 10:01:45','\0',61,'2014-07-09 10:01:45',3,2,5,0),(650,3,'2014-07-09 10:02:12','\0',61,'2014-07-09 21:40:24',1,2,9,372),(652,2,'2014-07-09 21:07:42','\0',62,'2014-07-09 21:40:21',1,1,4,480),(653,0,'2014-07-09 21:09:15','\0',62,'2014-07-09 21:09:15',2,1,10,0),(654,0,'2014-07-09 21:09:36','\0',62,'2014-07-09 21:09:36',1,2,11,0),(655,0,'2014-07-09 21:09:58','\0',62,'2014-07-09 21:09:58',2,0,12,0),(656,2,'2014-07-09 21:10:24','\0',62,'2014-07-09 21:40:22',1,1,5,480),(657,0,'2014-07-09 21:11:15','\0',62,'2014-07-09 21:11:15',1,2,9,0);
/*!40000 ALTER TABLE `palpite` ENABLE KEYS */;
UNLOCK TABLES;

--
-- Table structure for table `registration_code`
--

DROP TABLE IF EXISTS `registration_code`;
/*!40101 SET @saved_cs_client     = @@character_set_client */;
/*!40101 SET character_set_client = utf8 */;
CREATE TABLE `registration_code` (
  `id` bigint(20) NOT NULL AUTO_INCREMENT,
  `date_created` datetime NOT NULL,
  `token` varchar(255) NOT NULL,
  `username` varchar(255) NOT NULL,
  PRIMARY KEY (`id`)
) ENGINE=InnoDB DEFAULT CHARSET=latin1;
/*!40101 SET character_set_client = @saved_cs_client */;

--
-- Dumping data for table `registration_code`
--

LOCK TABLES `registration_code` WRITE;
/*!40000 ALTER TABLE `registration_code` DISABLE KEYS */;
/*!40000 ALTER TABLE `registration_code` ENABLE KEYS */;
UNLOCK TABLES;

--
-- Table structure for table `regra`
--

DROP TABLE IF EXISTS `regra`;
/*!40101 SET @saved_cs_client     = @@character_set_client */;
/*!40101 SET character_set_client = utf8 */;
CREATE TABLE `regra` (
  `id` bigint(20) NOT NULL AUTO_INCREMENT,
  `version` bigint(20) NOT NULL,
  `authority` varchar(255) NOT NULL,
  PRIMARY KEY (`id`),
  UNIQUE KEY `UK_22k1x9yv8i48fltn8mg30pknu` (`authority`)
) ENGINE=InnoDB AUTO_INCREMENT=3 DEFAULT CHARSET=latin1;
/*!40101 SET character_set_client = @saved_cs_client */;

--
-- Dumping data for table `regra`
--

LOCK TABLES `regra` WRITE;
/*!40000 ALTER TABLE `regra` DISABLE KEYS */;
INSERT INTO `regra` VALUES (1,0,'admin'),(2,0,'usuario');
/*!40000 ALTER TABLE `regra` ENABLE KEYS */;
UNLOCK TABLES;

--
-- Table structure for table `resenha`
--

DROP TABLE IF EXISTS `resenha`;
/*!40101 SET @saved_cs_client     = @@character_set_client */;
/*!40101 SET character_set_client = utf8 */;
CREATE TABLE `resenha` (
  `id` bigint(20) NOT NULL AUTO_INCREMENT,
  `version` bigint(20) NOT NULL,
  `autorizacao` bit(1) DEFAULT NULL,
  `date_created` datetime NOT NULL,
  `last_updated` datetime NOT NULL,
  `resenha` longtext,
  `usuariobolao_id` bigint(20) NOT NULL,
  PRIMARY KEY (`id`),
  KEY `FK_82m48gypu3xipfse3ji57c8ko` (`usuariobolao_id`),
  CONSTRAINT `FK_82m48gypu3xipfse3ji57c8ko` FOREIGN KEY (`usuariobolao_id`) REFERENCES `usuario_bolao` (`id`)
) ENGINE=InnoDB AUTO_INCREMENT=19 DEFAULT CHARSET=latin1;
/*!40101 SET character_set_client = @saved_cs_client */;

--
-- Dumping data for table `resenha`
--

LOCK TABLES `resenha` WRITE;
/*!40000 ALTER TABLE `resenha` DISABLE KEYS */;
INSERT INTO `resenha` VALUES (12,0,'','2014-07-08 18:41:56','2014-07-08 18:41:56','Cambada, quero saber quem falta pagar o bolão ? Tá cheio de caloteiro nessa porra, não vou ficar correndo atrás de marmanjo não, até porque não sou eu que vou ganhar... eheheh',3),(13,0,'','2014-07-08 18:42:49','2014-07-08 18:42:49','Eu já paguei Lius, e vou ganhar essa porra, te pago um guaraná...',4),(16,0,'','2014-07-09 10:32:47','2014-07-09 10:32:47','Tá chegando a hora, lider absoluto, pronto pra receber o dinheiro e pagar a rodada que prometi pra galera.......',10);
/*!40000 ALTER TABLE `resenha` ENABLE KEYS */;
UNLOCK TABLES;

--
-- Table structure for table `time`
--

DROP TABLE IF EXISTS `time`;
/*!40101 SET @saved_cs_client     = @@character_set_client */;
/*!40101 SET character_set_client = utf8 */;
CREATE TABLE `time` (
  `id` bigint(20) NOT NULL AUTO_INCREMENT,
  `version` bigint(20) NOT NULL,
  `campeonato_id` bigint(20) NOT NULL,
  `date_created` datetime NOT NULL,
  `descricao` varchar(50) NOT NULL,
  `imagem` varchar(50) DEFAULT NULL,
  `last_updated` datetime NOT NULL,
  PRIMARY KEY (`id`),
  UNIQUE KEY `unique_descricao` (`campeonato_id`,`descricao`),
  CONSTRAINT `FK_raop2edng6c1pij7b96fw9m5u` FOREIGN KEY (`campeonato_id`) REFERENCES `campeonato` (`id`)
) ENGINE=InnoDB AUTO_INCREMENT=55 DEFAULT CHARSET=latin1;
/*!40101 SET character_set_client = @saved_cs_client */;

--
-- Dumping data for table `time`
--

LOCK TABLES `time` WRITE;
/*!40000 ALTER TABLE `time` DISABLE KEYS */;
INSERT INTO `time` VALUES (1,0,1,'2014-06-22 15:15:46','Brasil','Brazil.png','2014-06-22 15:15:46'),(2,0,1,'2014-06-22 15:16:03','Camarões','Cameroon.png','2014-06-22 15:16:03'),(3,0,1,'2014-06-22 15:16:21','Croácia','Croatia.png','2014-06-22 15:16:21'),(4,0,1,'2014-06-22 15:16:44','México','Mexico.png','2014-06-22 15:16:44'),(5,0,1,'2014-06-22 15:16:55','Austrália','Australia.png','2014-06-22 15:16:55'),(6,0,1,'2014-06-22 15:17:03','Chile','Chile.png','2014-06-22 15:17:03'),(7,0,1,'2014-06-22 15:17:13','Espanha','Spain.png','2014-06-22 15:17:13'),(8,0,1,'2014-06-22 15:17:28','Holanda','Netherlands.png','2014-06-22 15:17:28'),(9,0,1,'2014-06-22 15:17:40','Colômbia','Colombia.png','2014-06-22 15:17:40'),(10,0,1,'2014-06-22 15:17:50','Costa do Marfim','Cote d\'Ivoire.png','2014-06-22 15:17:50'),(11,0,1,'2014-06-22 15:18:05','Grécia','Greece.png','2014-06-22 15:18:05'),(12,0,1,'2014-06-22 15:18:17','Japão','Japan.png','2014-06-22 15:18:17'),(13,0,1,'2014-06-22 15:18:31','Costa Rica','Costa-Rica.png','2014-06-22 15:18:31'),(14,0,1,'2014-06-22 15:18:46','Inglaterra','England.png','2014-06-22 15:18:46'),(15,0,1,'2014-06-22 15:18:54','Itália','Italy.png','2014-06-22 15:18:54'),(16,0,1,'2014-06-22 15:19:03','Uruguai','Uruguay.png','2014-06-22 15:19:03'),(17,0,1,'2014-06-22 15:19:24','Equador','Ecuador.png','2014-06-22 15:19:24'),(18,0,1,'2014-06-22 15:19:46','França','France.png','2014-06-22 15:19:46'),(19,0,1,'2014-06-22 15:20:12','Honduras','Honduras.png','2014-06-22 15:20:12'),(20,0,1,'2014-06-22 15:20:30','Suiça','Switzerland.png','2014-06-22 15:20:30'),(21,0,1,'2014-06-22 15:20:53','Argentina','Argentina.png','2014-06-22 15:20:53'),(22,0,1,'2014-06-22 15:21:26','Bósnia e Herzegovina','Bosnia & Herzegovina.png','2014-06-22 15:21:26'),(23,0,1,'2014-06-22 15:21:47','Irã','Iran.png','2014-06-22 15:21:47'),(24,0,1,'2014-06-22 15:22:05','Nigéria','Nigeria.png','2014-06-22 15:22:05'),(25,0,1,'2014-06-22 15:23:03','Alemanha','Germany.png','2014-06-22 15:23:03'),(26,0,1,'2014-06-22 15:23:22','Portugal','Portugal.png','2014-06-22 15:23:22'),(27,0,1,'2014-06-22 15:23:45','Gana','Ghana.png','2014-06-22 15:23:45'),(28,0,1,'2014-06-22 15:24:05','Estados Unidos','United States of America (USA).png','2014-06-22 15:24:05'),(29,0,1,'2014-06-22 15:24:26','Bélgica','Belgium.png','2014-06-22 15:24:26'),(30,0,1,'2014-06-22 15:24:46','Argélia','Algeria.png','2014-06-22 15:24:46'),(31,0,1,'2014-06-22 15:25:07','Rússia','Russian Federation.png','2014-06-22 15:25:07'),(32,0,1,'2014-06-22 15:25:52','Coréia do Sul','South Korea.png','2014-06-22 15:25:52'),(33,0,1,'2014-06-22 18:52:47','Indefinido',NULL,'2014-06-22 18:52:47'),(34,0,2,'2014-06-29 15:30:43','Flamengo','flamengo.png','2014-06-29 15:30:43'),(35,2,3,'2014-06-29 15:33:01','Vasco da Gama','vasco.png','2014-07-09 16:59:50'),(36,0,2,'2014-06-29 15:33:13','Fluminense','fluminense.png','2014-06-29 15:33:13'),(37,0,2,'2014-06-29 15:33:24','Botafogo','botafogo.png','2014-06-29 15:33:24'),(38,0,2,'2014-07-09 16:49:02','Figueirense','figueirense.png','2014-07-09 16:49:02'),(39,0,2,'2014-07-09 16:49:26','Cruzeiro','cruzeiro.png','2014-07-09 16:49:26'),(40,0,2,'2014-07-09 16:50:02','Corinthians','corinthians.png','2014-07-09 16:50:02'),(41,0,2,'2014-07-09 16:50:24','São Paulo','saopaulo.png','2014-07-09 16:50:24'),(42,0,2,'2014-07-09 16:50:44','Internacional','internacional.png','2014-07-09 16:50:44'),(43,0,2,'2014-07-09 16:50:56','Grêmio','gremio.png','2014-07-09 16:50:56'),(44,0,2,'2014-07-09 16:51:06','Goiás','goias.png','2014-07-09 16:51:06'),(45,0,2,'2014-07-09 16:51:20','Atlético Mineiro','atleticomineiro.png','2014-07-09 16:51:20'),(46,0,2,'2014-07-09 16:51:31','Sport Recife','sportrecife.png','2014-07-09 16:51:31'),(47,0,2,'2014-07-09 16:51:51','Santos','santos.png','2014-07-09 16:51:51'),(48,0,2,'2014-07-09 16:52:04','Palmeiras','palmeiras.png','2014-07-09 16:52:04'),(49,0,2,'2014-07-09 16:52:29','Atlético Paranaense','atleticoparanaense.png','2014-07-09 16:52:29'),(50,0,2,'2014-07-09 16:52:47','Criciúma','criciuma.png','2014-07-09 16:52:47'),(51,0,2,'2014-07-09 16:53:02','Chapecoense','chapecoense.png','2014-07-09 16:53:02'),(52,0,2,'2014-07-09 16:55:41','Bahia','bahia.png','2014-07-09 16:55:41'),(53,0,2,'2014-07-09 16:55:58','Coritiba','coritiba.png','2014-07-09 16:55:58'),(54,0,2,'2014-07-09 16:56:11','Vitória','vitoria.png','2014-07-09 16:56:11');
/*!40000 ALTER TABLE `time` ENABLE KEYS */;
UNLOCK TABLES;

--
-- Table structure for table `usuario`
--

DROP TABLE IF EXISTS `usuario`;
/*!40101 SET @saved_cs_client     = @@character_set_client */;
/*!40101 SET character_set_client = utf8 */;
CREATE TABLE `usuario` (
  `id` bigint(20) NOT NULL AUTO_INCREMENT,
  `version` bigint(20) NOT NULL,
  `account_expired` bit(1) NOT NULL,
  `account_locked` bit(1) NOT NULL,
  `email` varchar(255) NOT NULL,
  `enabled` bit(1) NOT NULL,
  `imagem` varchar(255) DEFAULT NULL,
  `password` varchar(255) NOT NULL,
  `password_expired` bit(1) NOT NULL,
  `primeironome` varchar(255) NOT NULL,
  `sobrenome` varchar(255) DEFAULT NULL,
  `username` varchar(255) NOT NULL,
  `timecoracao_id` bigint(20) DEFAULT NULL,
  PRIMARY KEY (`id`),
  UNIQUE KEY `UK_863n1y3x0jalatoir4325ehal` (`username`),
  KEY `FK_pbu2lf6y1gnxdjo2sd3cvete2` (`timecoracao_id`),
  CONSTRAINT `FK_pbu2lf6y1gnxdjo2sd3cvete2` FOREIGN KEY (`timecoracao_id`) REFERENCES `time` (`id`)
) ENGINE=InnoDB AUTO_INCREMENT=26 DEFAULT CHARSET=latin1;
/*!40101 SET character_set_client = @saved_cs_client */;

--
-- Dumping data for table `usuario`
--

LOCK TABLES `usuario` WRITE;
/*!40000 ALTER TABLE `usuario` DISABLE KEYS */;
INSERT INTO `usuario` VALUES (1,4,'\0','\0','liunit@gmail.com','','noronha.jpg','$2a$10$6Cb9mmGB7aoY8iY5VDIPi.WBQ4DmzgJ58ze6BACWJC3VLE5OdDYyC','\0','Luiz','Marques','marques',34),(2,1,'\0','\0','liunit@gmail.com','','liu_vo2.jpg','$2a$10$4OKfdHpFLPmIfpYHu.KMA.nBKfzUKZmGhm.4MdEVs3DQZslm63Gty','\0','Administrador',NULL,'admin',34),(14,1,'\0','\0','gustavo.marques77@hotmail.com','','792361-2832-in.jpg','$2a$10$C0xIThNUA7u4qLpvl4hI/uYRUYRTLBAEvpBYpnEgEaBJa0UOUYPhe','\0','Gustavo','Mendes Marques','cabelo',34),(15,1,'\0','\0','ronaldomelo79@hotmail.com','','ronaldo-gordo.jpg','$2a$10$EzshNKFHc/OMzHtxBskciuFZH5/DBAjH7GYYZgitOiW0V9NkqdN0m','\0','Ronaldo','Melo','ronaldinho',36),(17,1,'\0','\0','liunit@gmail.com','','dinho1.jpg','$2a$10$MZSVeH88EPwf7oOZtXYu1.lpMAt4CnzlZTOg3t3gsapFIXsV/IQ92','\0','Vinicius','Goulart Pentagna','vinicius',36),(18,1,'\0','\0','liunit@gmail.com','','Ivan Lins.jpg','$2a$10$AOqf8ZZQ1WXc3X0nqPWo7egYQlLxMub9OGIzbNYzV7mpYwOVPXzUi','\0','Ivan','Queiroz','ivan',34),(19,1,'\0','\0','felipesale@hotmail.com','','ay103115552brazils-manager-e1361207719521.jpg','$2a$10$FEZhzQiNAtG8x26JhiN52ucKZ3UKh//IpIVOnUrKRhNvYfldtSQA.','\0','Luiz Felipe','Dias Carneiro de Souza','felipe',35),(20,0,'\0','\0','liunit@gmail.com','','ronaldo-gordo.jpg','$2a$10$ThT.oFlHkLdCk5coLiMPne65HhVP.riMiCIIamuMIHq1Vq2tQI0DW','\0','Ronaldo','Cesar Gonçalves Pentagna','ronaldo',36),(21,1,'\0','\0','liunit@gmail.com','','201010260052410.26600alexorelha.jpg','$2a$10$nb9a8EH68IGEAQaSks472eYypzFFBWs.j02QkDKmw9rOElO2ThV6y','\0','Eduardo',NULL,'dudu',36),(22,0,'\0','\0','liunit@gmail.com','','flamengo-time-orkut-futebol.jpg','$2a$10$SDF.XvQfUaZoH3HYzjaCA.c37XBSERF2FWGD6vCkqDmLEH1b15K6y','\0','Jamerson','de Castro Dias Junior','juninho',34),(23,0,'\0','\0','liunit@gmail.com','','','$2a$10$nKuRMpia10qXsxQvsIErxOPaK0LGFSYfhopJXNPDRkWYCv5RcBKni','\0','Jupy','Tulchinski','jupy',34),(24,0,'\0','\0','liunit@gmail.com','','flamengo-time-orkut-futebol.jpg','$2a$10$YCjTs7BbFI21HUebmKa7Tu2YNvWHeJJ1wO3MtgAcQUedKt9fPBBW2','\0','Flavio','Xavier Ferreira','robusto',34);
/*!40000 ALTER TABLE `usuario` ENABLE KEYS */;
UNLOCK TABLES;

--
-- Table structure for table `usuario_bolao`
--

DROP TABLE IF EXISTS `usuario_bolao`;
/*!40101 SET @saved_cs_client     = @@character_set_client */;
/*!40101 SET character_set_client = utf8 */;
CREATE TABLE `usuario_bolao` (
  `id` bigint(20) NOT NULL AUTO_INCREMENT,
  `bolao_id` bigint(20) NOT NULL,
  `usuario_id` bigint(20) NOT NULL,
  `autorizado` bit(1) NOT NULL,
  `date_created` datetime NOT NULL,
  `last_updated` datetime NOT NULL,
  `ultimaatualizacao` datetime DEFAULT NULL,
  `posicaoatual` int(11) DEFAULT NULL,
  PRIMARY KEY (`id`),
  UNIQUE KEY `unique_usuario_id` (`bolao_id`,`usuario_id`),
  KEY `FK_s1c4niohr4gs3mtm4fa756sd9` (`usuario_id`),
  CONSTRAINT `FK_h6598s85gpsxxfpjtw9da6bpl` FOREIGN KEY (`bolao_id`) REFERENCES `bolao` (`id`),
  CONSTRAINT `FK_s1c4niohr4gs3mtm4fa756sd9` FOREIGN KEY (`usuario_id`) REFERENCES `usuario` (`id`)
) ENGINE=InnoDB AUTO_INCREMENT=18 DEFAULT CHARSET=latin1;
/*!40101 SET character_set_client = @saved_cs_client */;

--
-- Dumping data for table `usuario_bolao`
--

LOCK TABLES `usuario_bolao` WRITE;
/*!40000 ALTER TABLE `usuario_bolao` DISABLE KEYS */;
INSERT INTO `usuario_bolao` VALUES (3,4,1,'','2014-05-21 17:10:41','2014-07-09 21:40:21',NULL,1),(4,4,14,'','2014-05-21 17:10:41','2014-07-09 21:40:22',NULL,1),(5,4,15,'','2014-05-21 17:10:41','2014-07-09 21:40:24',NULL,3),(9,4,17,'','2014-05-21 17:10:41','2014-07-09 21:40:25',NULL,5),(10,4,18,'','2014-05-21 17:10:41','2014-07-09 21:40:28',NULL,3),(11,4,19,'','2014-05-21 17:10:41','2014-07-09 21:40:30',NULL,4),(12,4,20,'','2014-05-21 17:10:41','2014-07-09 21:40:33',NULL,5),(13,4,21,'','2014-05-21 17:10:41','2014-07-09 21:40:35',NULL,8),(14,4,22,'','2014-05-21 17:10:41','2014-07-09 21:40:38',NULL,7),(15,4,23,'','2014-05-21 17:10:41','2014-07-09 21:11:39',NULL,8),(16,4,24,'','2014-05-21 17:10:41','2014-07-09 12:35:23',NULL,11);
/*!40000 ALTER TABLE `usuario_bolao` ENABLE KEYS */;
UNLOCK TABLES;

--
-- Table structure for table `usuario_regra`
--

DROP TABLE IF EXISTS `usuario_regra`;
/*!40101 SET @saved_cs_client     = @@character_set_client */;
/*!40101 SET character_set_client = utf8 */;
CREATE TABLE `usuario_regra` (
  `id` bigint(20) NOT NULL AUTO_INCREMENT,
  `regra_id` bigint(20) NOT NULL,
  `usuario_id` bigint(20) NOT NULL,
  PRIMARY KEY (`id`),
  UNIQUE KEY `unique_usuario_id` (`regra_id`,`usuario_id`),
  KEY `FK_c9e04hk36ue2k50nb2ei9i08b` (`usuario_id`),
  CONSTRAINT `FK_c9e04hk36ue2k50nb2ei9i08b` FOREIGN KEY (`usuario_id`) REFERENCES `usuario` (`id`),
  CONSTRAINT `FK_jqgkp5de6cj7xi1t62jxsydol` FOREIGN KEY (`regra_id`) REFERENCES `regra` (`id`)
) ENGINE=InnoDB AUTO_INCREMENT=3 DEFAULT CHARSET=latin1;
/*!40101 SET character_set_client = @saved_cs_client */;

--
-- Dumping data for table `usuario_regra`
--

LOCK TABLES `usuario_regra` WRITE;
/*!40000 ALTER TABLE `usuario_regra` DISABLE KEYS */;
INSERT INTO `usuario_regra` VALUES (1,1,2),(2,2,1);
/*!40000 ALTER TABLE `usuario_regra` ENABLE KEYS */;
UNLOCK TABLES;
/*!40103 SET TIME_ZONE=@OLD_TIME_ZONE */;

/*!40101 SET SQL_MODE=@OLD_SQL_MODE */;
/*!40014 SET FOREIGN_KEY_CHECKS=@OLD_FOREIGN_KEY_CHECKS */;
/*!40014 SET UNIQUE_CHECKS=@OLD_UNIQUE_CHECKS */;
/*!40101 SET CHARACTER_SET_CLIENT=@OLD_CHARACTER_SET_CLIENT */;
/*!40101 SET CHARACTER_SET_RESULTS=@OLD_CHARACTER_SET_RESULTS */;
/*!40101 SET COLLATION_CONNECTION=@OLD_COLLATION_CONNECTION */;
/*!40111 SET SQL_NOTES=@OLD_SQL_NOTES */;

-- Dump completed on 2014-07-09 21:41:37
